Copyright 1986-2022 Xilinx, Inc. All Rights Reserved. Copyright 2022-2025 Advanced Micro Devices, Inc. All Rights Reserved.
--------------------------------------------------------------------------------------------------------------------------------------------------------------------------------
| Tool Version : Vivado v.2025.2 (win64) Build 6299465 Fri Nov 14 19:35:11 GMT 2025
| Date         : Thu Feb 19 20:59:52 2026
| Host         : DESKTOP-LF2M9VA running 64-bit major release  (build 9200)
| Command      : report_methodology -file system_wrapper_methodology_drc_routed.rpt -pb system_wrapper_methodology_drc_routed.pb -rpx system_wrapper_methodology_drc_routed.rpx
| Design       : system_wrapper
| Device       : xc7z020clg484-2
| Speed File   : -2
| Design State : Fully Routed
--------------------------------------------------------------------------------------------------------------------------------------------------------------------------------

Report Methodology

Table of Contents
-----------------
1. REPORT SUMMARY
2. REPORT DETAILS

1. REPORT SUMMARY
-----------------
            Netlist: netlist
          Floorplan: design_1
      Design limits: <entire design considered>
             Max checks: <unlimited>
             Checks found: 390
+-----------+------------------+-------------------------------------------------------------------------------------------------------+--------+
| Rule      | Severity         | Description                                                                                           | Checks |
+-----------+------------------+-------------------------------------------------------------------------------------------------------+--------+
| TIMING-4  | Critical Warning | Invalid primary clock redefinition on a clock tree                                                    | 1      |
| TIMING-17 | Critical Warning | Non-clocked sequential cell                                                                           | 27     |
| TIMING-27 | Critical Warning | Invalid primary clock on hierarchical pin                                                             | 1      |
| DPIR-1    | Warning          | Asynchronous driver check                                                                             | 224    |
| LUTAR-1   | Warning          | LUT drives async reset alert                                                                          | 6      |
| PDRC-190  | Warning          | Suboptimally placed synchronized register chain                                                       | 78     |
| TIMING-9  | Warning          | Unknown CDC Logic                                                                                     | 1      |
| TIMING-18 | Warning          | Missing input or output delay                                                                         | 20     |
| TIMING-20 | Warning          | Non-clocked latch                                                                                     | 8      |
| TIMING-47 | Warning          | False path, asynchronous clock group or max delay datapath only constraint between synchronous clocks | 16     |
| ULMTCS-1  | Warning          | Control Sets use limits recommend reduction                                                           | 1      |
| LATCH-1   | Advisory         | Existing latches in the design                                                                        | 1      |
| RTGT-1    | Advisory         | RAM retargeting possibility                                                                           | 6      |
+-----------+------------------+-------------------------------------------------------------------------------------------------------+--------+

2. REPORT DETAILS
-----------------
TIMING-4#1 Critical Warning
Invalid primary clock redefinition on a clock tree  
Invalid clock redefinition on a clock tree. The primary clock system_i/clk_wiz_0/inst/clk_in1 is defined downstream of clock clk_fpga_0 and overrides its insertion delay and/or waveform definition
Related violations: <none>

TIMING-17#1 Critical Warning
Non-clocked sequential cell  
The clock pin system_i/ui_imx415_0/inst/uiimx415_top_r/uii2c_inst/FSM_onehot_IIC_S_reg[0]/C is not reached by a timing clock
Related violations: <none>

TIMING-17#2 Critical Warning
Non-clocked sequential cell  
The clock pin system_i/ui_imx415_0/inst/uiimx415_top_r/uii2c_inst/FSM_onehot_IIC_S_reg[1]/C is not reached by a timing clock
Related violations: <none>

TIMING-17#3 Critical Warning
Non-clocked sequential cell  
The clock pin system_i/ui_imx415_0/inst/uiimx415_top_r/uii2c_inst/FSM_onehot_IIC_S_reg[2]/C is not reached by a timing clock
Related violations: <none>

TIMING-17#4 Critical Warning
Non-clocked sequential cell  
The clock pin system_i/ui_imx415_0/inst/uiimx415_top_r/uii2c_inst/FSM_onehot_IIC_S_reg[5]/C is not reached by a timing clock
Related violations: <none>

TIMING-17#5 Critical Warning
Non-clocked sequential cell  
The clock pin system_i/ui_imx415_0/inst/uiimx415_top_r/uii2c_inst/FSM_onehot_IIC_S_reg[6]/C is not reached by a timing clock
Related violations: <none>

TIMING-17#6 Critical Warning
Non-clocked sequential cell  
The clock pin system_i/ui_imx415_0/inst/uiimx415_top_r/uii2c_inst/FSM_onehot_IIC_S_reg[7]/C is not reached by a timing clock
Related violations: <none>

TIMING-17#7 Critical Warning
Non-clocked sequential cell  
The clock pin system_i/ui_imx415_0/inst/uiimx415_top_r/uii2c_inst/O_iic_bus_error_reg/C is not reached by a timing clock
Related violations: <none>

TIMING-17#8 Critical Warning
Non-clocked sequential cell  
The clock pin system_i/ui_imx415_0/inst/uiimx415_top_r/uii2c_inst/O_iic_busy_reg/C is not reached by a timing clock
Related violations: <none>

TIMING-17#9 Critical Warning
Non-clocked sequential cell  
The clock pin system_i/ui_imx415_0/inst/uiimx415_top_r/uii2c_inst/bcnt_reg[0]/C is not reached by a timing clock
Related violations: <none>

TIMING-17#10 Critical Warning
Non-clocked sequential cell  
The clock pin system_i/ui_imx415_0/inst/uiimx415_top_r/uii2c_inst/bcnt_reg[1]/C is not reached by a timing clock
Related violations: <none>

TIMING-17#11 Critical Warning
Non-clocked sequential cell  
The clock pin system_i/ui_imx415_0/inst/uiimx415_top_r/uii2c_inst/bcnt_reg[2]/C is not reached by a timing clock
Related violations: <none>

TIMING-17#12 Critical Warning
Non-clocked sequential cell  
The clock pin system_i/ui_imx415_0/inst/uiimx415_top_r/uii2c_inst/sda_r_reg[0]/C is not reached by a timing clock
Related violations: <none>

TIMING-17#13 Critical Warning
Non-clocked sequential cell  
The clock pin system_i/ui_imx415_0/inst/uiimx415_top_r/uii2c_inst/sda_r_reg[1]/C is not reached by a timing clock
Related violations: <none>

TIMING-17#14 Critical Warning
Non-clocked sequential cell  
The clock pin system_i/ui_imx415_0/inst/uiimx415_top_r/uii2c_inst/sda_r_reg[2]/C is not reached by a timing clock
Related violations: <none>

TIMING-17#15 Critical Warning
Non-clocked sequential cell  
The clock pin system_i/ui_imx415_0/inst/uiimx415_top_r/uii2c_inst/sda_r_reg[3]/C is not reached by a timing clock
Related violations: <none>

TIMING-17#16 Critical Warning
Non-clocked sequential cell  
The clock pin system_i/ui_imx415_0/inst/uiimx415_top_r/uii2c_inst/sda_r_reg[4]/C is not reached by a timing clock
Related violations: <none>

TIMING-17#17 Critical Warning
Non-clocked sequential cell  
The clock pin system_i/ui_imx415_0/inst/uiimx415_top_r/uii2c_inst/sda_r_reg[5]/C is not reached by a timing clock
Related violations: <none>

TIMING-17#18 Critical Warning
Non-clocked sequential cell  
The clock pin system_i/ui_imx415_0/inst/uiimx415_top_r/uii2c_inst/sda_r_reg[6]/C is not reached by a timing clock
Related violations: <none>

TIMING-17#19 Critical Warning
Non-clocked sequential cell  
The clock pin system_i/ui_imx415_0/inst/uiimx415_top_r/uii2c_inst/sda_r_reg[7]/C is not reached by a timing clock
Related violations: <none>

TIMING-17#20 Critical Warning
Non-clocked sequential cell  
The clock pin system_i/ui_imx415_0/inst/uiimx415_top_r/uii2c_inst/wcnt_reg[0]/C is not reached by a timing clock
Related violations: <none>

TIMING-17#21 Critical Warning
Non-clocked sequential cell  
The clock pin system_i/ui_imx415_0/inst/uiimx415_top_r/uii2c_inst/wcnt_reg[1]/C is not reached by a timing clock
Related violations: <none>

TIMING-17#22 Critical Warning
Non-clocked sequential cell  
The clock pin system_i/ui_imx415_0/inst/uiimx415_top_r/uii2c_inst/wcnt_reg[2]/C is not reached by a timing clock
Related violations: <none>

TIMING-17#23 Critical Warning
Non-clocked sequential cell  
The clock pin system_i/ui_imx415_0/inst/uiimx415_top_r/uii2c_inst/wcnt_reg[3]/C is not reached by a timing clock
Related violations: <none>

TIMING-17#24 Critical Warning
Non-clocked sequential cell  
The clock pin system_i/ui_imx415_0/inst/uiimx415_top_r/uii2c_inst/wcnt_reg[4]/C is not reached by a timing clock
Related violations: <none>

TIMING-17#25 Critical Warning
Non-clocked sequential cell  
The clock pin system_i/ui_imx415_0/inst/uiimx415_top_r/uii2c_inst/wcnt_reg[5]/C is not reached by a timing clock
Related violations: <none>

TIMING-17#26 Critical Warning
Non-clocked sequential cell  
The clock pin system_i/ui_imx415_0/inst/uiimx415_top_r/uii2c_inst/wcnt_reg[6]/C is not reached by a timing clock
Related violations: <none>

TIMING-17#27 Critical Warning
Non-clocked sequential cell  
The clock pin system_i/ui_imx415_0/inst/uiimx415_top_r/uii2c_inst/wcnt_reg[7]/C is not reached by a timing clock
Related violations: <none>

TIMING-27#1 Critical Warning
Invalid primary clock on hierarchical pin  
A primary clock system_i/clk_wiz_0/inst/clk_in1 is created on an inappropriate internal pin system_i/clk_wiz_0/inst/clk_in1. It is not recommended to create a primary clock on a hierarchical pin when its driver pin has a fanout connected to multiple clock pins
Related violations: <none>

DPIR-1#1 Warning
Asynchronous driver check  
DSP system_i/ui_awb_1_3v_0/inst/B_new_r10 input pin system_i/ui_awb_1_3v_0/inst/B_new_r10/A[0] is connected to registers with an asynchronous reset. This is preventing the possibility of merging these registers in to the DSP Block since the DSP block registers only possess synchronous reset capability.  It is suggested to recode or change these registers to remove the reset or use a synchronous reset to get the best optimization for performance, power and area.
Related violations: <none>

DPIR-1#2 Warning
Asynchronous driver check  
DSP system_i/ui_awb_1_3v_0/inst/B_new_r10 input pin system_i/ui_awb_1_3v_0/inst/B_new_r10/A[10] is connected to registers with an asynchronous reset. This is preventing the possibility of merging these registers in to the DSP Block since the DSP block registers only possess synchronous reset capability.  It is suggested to recode or change these registers to remove the reset or use a synchronous reset to get the best optimization for performance, power and area.
Related violations: <none>

DPIR-1#3 Warning
Asynchronous driver check  
DSP system_i/ui_awb_1_3v_0/inst/B_new_r10 input pin system_i/ui_awb_1_3v_0/inst/B_new_r10/A[11] is connected to registers with an asynchronous reset. This is preventing the possibility of merging these registers in to the DSP Block since the DSP block registers only possess synchronous reset capability.  It is suggested to recode or change these registers to remove the reset or use a synchronous reset to get the best optimization for performance, power and area.
Related violations: <none>

DPIR-1#4 Warning
Asynchronous driver check  
DSP system_i/ui_awb_1_3v_0/inst/B_new_r10 input pin system_i/ui_awb_1_3v_0/inst/B_new_r10/A[12] is connected to registers with an asynchronous reset. This is preventing the possibility of merging these registers in to the DSP Block since the DSP block registers only possess synchronous reset capability.  It is suggested to recode or change these registers to remove the reset or use a synchronous reset to get the best optimization for performance, power and area.
Related violations: <none>

DPIR-1#5 Warning
Asynchronous driver check  
DSP system_i/ui_awb_1_3v_0/inst/B_new_r10 input pin system_i/ui_awb_1_3v_0/inst/B_new_r10/A[13] is connected to registers with an asynchronous reset. This is preventing the possibility of merging these registers in to the DSP Block since the DSP block registers only possess synchronous reset capability.  It is suggested to recode or change these registers to remove the reset or use a synchronous reset to get the best optimization for performance, power and area.
Related violations: <none>

DPIR-1#6 Warning
Asynchronous driver check  
DSP system_i/ui_awb_1_3v_0/inst/B_new_r10 input pin system_i/ui_awb_1_3v_0/inst/B_new_r10/A[14] is connected to registers with an asynchronous reset. This is preventing the possibility of merging these registers in to the DSP Block since the DSP block registers only possess synchronous reset capability.  It is suggested to recode or change these registers to remove the reset or use a synchronous reset to get the best optimization for performance, power and area.
Related violations: <none>

DPIR-1#7 Warning
Asynchronous driver check  
DSP system_i/ui_awb_1_3v_0/inst/B_new_r10 input pin system_i/ui_awb_1_3v_0/inst/B_new_r10/A[15] is connected to registers with an asynchronous reset. This is preventing the possibility of merging these registers in to the DSP Block since the DSP block registers only possess synchronous reset capability.  It is suggested to recode or change these registers to remove the reset or use a synchronous reset to get the best optimization for performance, power and area.
Related violations: <none>

DPIR-1#8 Warning
Asynchronous driver check  
DSP system_i/ui_awb_1_3v_0/inst/B_new_r10 input pin system_i/ui_awb_1_3v_0/inst/B_new_r10/A[16] is connected to registers with an asynchronous reset. This is preventing the possibility of merging these registers in to the DSP Block since the DSP block registers only possess synchronous reset capability.  It is suggested to recode or change these registers to remove the reset or use a synchronous reset to get the best optimization for performance, power and area.
Related violations: <none>

DPIR-1#9 Warning
Asynchronous driver check  
DSP system_i/ui_awb_1_3v_0/inst/B_new_r10 input pin system_i/ui_awb_1_3v_0/inst/B_new_r10/A[17] is connected to registers with an asynchronous reset. This is preventing the possibility of merging these registers in to the DSP Block since the DSP block registers only possess synchronous reset capability.  It is suggested to recode or change these registers to remove the reset or use a synchronous reset to get the best optimization for performance, power and area.
Related violations: <none>

DPIR-1#10 Warning
Asynchronous driver check  
DSP system_i/ui_awb_1_3v_0/inst/B_new_r10 input pin system_i/ui_awb_1_3v_0/inst/B_new_r10/A[18] is connected to registers with an asynchronous reset. This is preventing the possibility of merging these registers in to the DSP Block since the DSP block registers only possess synchronous reset capability.  It is suggested to recode or change these registers to remove the reset or use a synchronous reset to get the best optimization for performance, power and area.
Related violations: <none>

DPIR-1#11 Warning
Asynchronous driver check  
DSP system_i/ui_awb_1_3v_0/inst/B_new_r10 input pin system_i/ui_awb_1_3v_0/inst/B_new_r10/A[19] is connected to registers with an asynchronous reset. This is preventing the possibility of merging these registers in to the DSP Block since the DSP block registers only possess synchronous reset capability.  It is suggested to recode or change these registers to remove the reset or use a synchronous reset to get the best optimization for performance, power and area.
Related violations: <none>

DPIR-1#12 Warning
Asynchronous driver check  
DSP system_i/ui_awb_1_3v_0/inst/B_new_r10 input pin system_i/ui_awb_1_3v_0/inst/B_new_r10/A[1] is connected to registers with an asynchronous reset. This is preventing the possibility of merging these registers in to the DSP Block since the DSP block registers only possess synchronous reset capability.  It is suggested to recode or change these registers to remove the reset or use a synchronous reset to get the best optimization for performance, power and area.
Related violations: <none>

DPIR-1#13 Warning
Asynchronous driver check  
DSP system_i/ui_awb_1_3v_0/inst/B_new_r10 input pin system_i/ui_awb_1_3v_0/inst/B_new_r10/A[2] is connected to registers with an asynchronous reset. This is preventing the possibility of merging these registers in to the DSP Block since the DSP block registers only possess synchronous reset capability.  It is suggested to recode or change these registers to remove the reset or use a synchronous reset to get the best optimization for performance, power and area.
Related violations: <none>

DPIR-1#14 Warning
Asynchronous driver check  
DSP system_i/ui_awb_1_3v_0/inst/B_new_r10 input pin system_i/ui_awb_1_3v_0/inst/B_new_r10/A[3] is connected to registers with an asynchronous reset. This is preventing the possibility of merging these registers in to the DSP Block since the DSP block registers only possess synchronous reset capability.  It is suggested to recode or change these registers to remove the reset or use a synchronous reset to get the best optimization for performance, power and area.
Related violations: <none>

DPIR-1#15 Warning
Asynchronous driver check  
DSP system_i/ui_awb_1_3v_0/inst/B_new_r10 input pin system_i/ui_awb_1_3v_0/inst/B_new_r10/A[4] is connected to registers with an asynchronous reset. This is preventing the possibility of merging these registers in to the DSP Block since the DSP block registers only possess synchronous reset capability.  It is suggested to recode or change these registers to remove the reset or use a synchronous reset to get the best optimization for performance, power and area.
Related violations: <none>

DPIR-1#16 Warning
Asynchronous driver check  
DSP system_i/ui_awb_1_3v_0/inst/B_new_r10 input pin system_i/ui_awb_1_3v_0/inst/B_new_r10/A[5] is connected to registers with an asynchronous reset. This is preventing the possibility of merging these registers in to the DSP Block since the DSP block registers only possess synchronous reset capability.  It is suggested to recode or change these registers to remove the reset or use a synchronous reset to get the best optimization for performance, power and area.
Related violations: <none>

DPIR-1#17 Warning
Asynchronous driver check  
DSP system_i/ui_awb_1_3v_0/inst/B_new_r10 input pin system_i/ui_awb_1_3v_0/inst/B_new_r10/A[6] is connected to registers with an asynchronous reset. This is preventing the possibility of merging these registers in to the DSP Block since the DSP block registers only possess synchronous reset capability.  It is suggested to recode or change these registers to remove the reset or use a synchronous reset to get the best optimization for performance, power and area.
Related violations: <none>

DPIR-1#18 Warning
Asynchronous driver check  
DSP system_i/ui_awb_1_3v_0/inst/B_new_r10 input pin system_i/ui_awb_1_3v_0/inst/B_new_r10/A[7] is connected to registers with an asynchronous reset. This is preventing the possibility of merging these registers in to the DSP Block since the DSP block registers only possess synchronous reset capability.  It is suggested to recode or change these registers to remove the reset or use a synchronous reset to get the best optimization for performance, power and area.
Related violations: <none>

DPIR-1#19 Warning
Asynchronous driver check  
DSP system_i/ui_awb_1_3v_0/inst/B_new_r10 input pin system_i/ui_awb_1_3v_0/inst/B_new_r10/A[8] is connected to registers with an asynchronous reset. This is preventing the possibility of merging these registers in to the DSP Block since the DSP block registers only possess synchronous reset capability.  It is suggested to recode or change these registers to remove the reset or use a synchronous reset to get the best optimization for performance, power and area.
Related violations: <none>

DPIR-1#20 Warning
Asynchronous driver check  
DSP system_i/ui_awb_1_3v_0/inst/B_new_r10 input pin system_i/ui_awb_1_3v_0/inst/B_new_r10/A[9] is connected to registers with an asynchronous reset. This is preventing the possibility of merging these registers in to the DSP Block since the DSP block registers only possess synchronous reset capability.  It is suggested to recode or change these registers to remove the reset or use a synchronous reset to get the best optimization for performance, power and area.
Related violations: <none>

DPIR-1#21 Warning
Asynchronous driver check  
DSP system_i/ui_awb_1_3v_0/inst/B_new_r10 input pin system_i/ui_awb_1_3v_0/inst/B_new_r10/B[0] is connected to registers with an asynchronous reset. This is preventing the possibility of merging these registers in to the DSP Block since the DSP block registers only possess synchronous reset capability.  It is suggested to recode or change these registers to remove the reset or use a synchronous reset to get the best optimization for performance, power and area.
Related violations: <none>

DPIR-1#22 Warning
Asynchronous driver check  
DSP system_i/ui_awb_1_3v_0/inst/B_new_r10 input pin system_i/ui_awb_1_3v_0/inst/B_new_r10/B[1] is connected to registers with an asynchronous reset. This is preventing the possibility of merging these registers in to the DSP Block since the DSP block registers only possess synchronous reset capability.  It is suggested to recode or change these registers to remove the reset or use a synchronous reset to get the best optimization for performance, power and area.
Related violations: <none>

DPIR-1#23 Warning
Asynchronous driver check  
DSP system_i/ui_awb_1_3v_0/inst/B_new_r10 input pin system_i/ui_awb_1_3v_0/inst/B_new_r10/B[2] is connected to registers with an asynchronous reset. This is preventing the possibility of merging these registers in to the DSP Block since the DSP block registers only possess synchronous reset capability.  It is suggested to recode or change these registers to remove the reset or use a synchronous reset to get the best optimization for performance, power and area.
Related violations: <none>

DPIR-1#24 Warning
Asynchronous driver check  
DSP system_i/ui_awb_1_3v_0/inst/B_new_r10 input pin system_i/ui_awb_1_3v_0/inst/B_new_r10/B[3] is connected to registers with an asynchronous reset. This is preventing the possibility of merging these registers in to the DSP Block since the DSP block registers only possess synchronous reset capability.  It is suggested to recode or change these registers to remove the reset or use a synchronous reset to get the best optimization for performance, power and area.
Related violations: <none>

DPIR-1#25 Warning
Asynchronous driver check  
DSP system_i/ui_awb_1_3v_0/inst/B_new_r10 input pin system_i/ui_awb_1_3v_0/inst/B_new_r10/B[4] is connected to registers with an asynchronous reset. This is preventing the possibility of merging these registers in to the DSP Block since the DSP block registers only possess synchronous reset capability.  It is suggested to recode or change these registers to remove the reset or use a synchronous reset to get the best optimization for performance, power and area.
Related violations: <none>

DPIR-1#26 Warning
Asynchronous driver check  
DSP system_i/ui_awb_1_3v_0/inst/B_new_r10 input pin system_i/ui_awb_1_3v_0/inst/B_new_r10/B[5] is connected to registers with an asynchronous reset. This is preventing the possibility of merging these registers in to the DSP Block since the DSP block registers only possess synchronous reset capability.  It is suggested to recode or change these registers to remove the reset or use a synchronous reset to get the best optimization for performance, power and area.
Related violations: <none>

DPIR-1#27 Warning
Asynchronous driver check  
DSP system_i/ui_awb_1_3v_0/inst/B_new_r10 input pin system_i/ui_awb_1_3v_0/inst/B_new_r10/B[6] is connected to registers with an asynchronous reset. This is preventing the possibility of merging these registers in to the DSP Block since the DSP block registers only possess synchronous reset capability.  It is suggested to recode or change these registers to remove the reset or use a synchronous reset to get the best optimization for performance, power and area.
Related violations: <none>

DPIR-1#28 Warning
Asynchronous driver check  
DSP system_i/ui_awb_1_3v_0/inst/B_new_r10 input pin system_i/ui_awb_1_3v_0/inst/B_new_r10/B[7] is connected to registers with an asynchronous reset. This is preventing the possibility of merging these registers in to the DSP Block since the DSP block registers only possess synchronous reset capability.  It is suggested to recode or change these registers to remove the reset or use a synchronous reset to get the best optimization for performance, power and area.
Related violations: <none>

DPIR-1#29 Warning
Asynchronous driver check  
DSP system_i/ui_awb_1_3v_0/inst/B_new_r20 input pin system_i/ui_awb_1_3v_0/inst/B_new_r20/A[0] is connected to registers with an asynchronous reset. This is preventing the possibility of merging these registers in to the DSP Block since the DSP block registers only possess synchronous reset capability.  It is suggested to recode or change these registers to remove the reset or use a synchronous reset to get the best optimization for performance, power and area.
Related violations: <none>

DPIR-1#30 Warning
Asynchronous driver check  
DSP system_i/ui_awb_1_3v_0/inst/B_new_r20 input pin system_i/ui_awb_1_3v_0/inst/B_new_r20/A[10] is connected to registers with an asynchronous reset. This is preventing the possibility of merging these registers in to the DSP Block since the DSP block registers only possess synchronous reset capability.  It is suggested to recode or change these registers to remove the reset or use a synchronous reset to get the best optimization for performance, power and area.
Related violations: <none>

DPIR-1#31 Warning
Asynchronous driver check  
DSP system_i/ui_awb_1_3v_0/inst/B_new_r20 input pin system_i/ui_awb_1_3v_0/inst/B_new_r20/A[11] is connected to registers with an asynchronous reset. This is preventing the possibility of merging these registers in to the DSP Block since the DSP block registers only possess synchronous reset capability.  It is suggested to recode or change these registers to remove the reset or use a synchronous reset to get the best optimization for performance, power and area.
Related violations: <none>

DPIR-1#32 Warning
Asynchronous driver check  
DSP system_i/ui_awb_1_3v_0/inst/B_new_r20 input pin system_i/ui_awb_1_3v_0/inst/B_new_r20/A[12] is connected to registers with an asynchronous reset. This is preventing the possibility of merging these registers in to the DSP Block since the DSP block registers only possess synchronous reset capability.  It is suggested to recode or change these registers to remove the reset or use a synchronous reset to get the best optimization for performance, power and area.
Related violations: <none>

DPIR-1#33 Warning
Asynchronous driver check  
DSP system_i/ui_awb_1_3v_0/inst/B_new_r20 input pin system_i/ui_awb_1_3v_0/inst/B_new_r20/A[13] is connected to registers with an asynchronous reset. This is preventing the possibility of merging these registers in to the DSP Block since the DSP block registers only possess synchronous reset capability.  It is suggested to recode or change these registers to remove the reset or use a synchronous reset to get the best optimization for performance, power and area.
Related violations: <none>

DPIR-1#34 Warning
Asynchronous driver check  
DSP system_i/ui_awb_1_3v_0/inst/B_new_r20 input pin system_i/ui_awb_1_3v_0/inst/B_new_r20/A[14] is connected to registers with an asynchronous reset. This is preventing the possibility of merging these registers in to the DSP Block since the DSP block registers only possess synchronous reset capability.  It is suggested to recode or change these registers to remove the reset or use a synchronous reset to get the best optimization for performance, power and area.
Related violations: <none>

DPIR-1#35 Warning
Asynchronous driver check  
DSP system_i/ui_awb_1_3v_0/inst/B_new_r20 input pin system_i/ui_awb_1_3v_0/inst/B_new_r20/A[15] is connected to registers with an asynchronous reset. This is preventing the possibility of merging these registers in to the DSP Block since the DSP block registers only possess synchronous reset capability.  It is suggested to recode or change these registers to remove the reset or use a synchronous reset to get the best optimization for performance, power and area.
Related violations: <none>

DPIR-1#36 Warning
Asynchronous driver check  
DSP system_i/ui_awb_1_3v_0/inst/B_new_r20 input pin system_i/ui_awb_1_3v_0/inst/B_new_r20/A[16] is connected to registers with an asynchronous reset. This is preventing the possibility of merging these registers in to the DSP Block since the DSP block registers only possess synchronous reset capability.  It is suggested to recode or change these registers to remove the reset or use a synchronous reset to get the best optimization for performance, power and area.
Related violations: <none>

DPIR-1#37 Warning
Asynchronous driver check  
DSP system_i/ui_awb_1_3v_0/inst/B_new_r20 input pin system_i/ui_awb_1_3v_0/inst/B_new_r20/A[17] is connected to registers with an asynchronous reset. This is preventing the possibility of merging these registers in to the DSP Block since the DSP block registers only possess synchronous reset capability.  It is suggested to recode or change these registers to remove the reset or use a synchronous reset to get the best optimization for performance, power and area.
Related violations: <none>

DPIR-1#38 Warning
Asynchronous driver check  
DSP system_i/ui_awb_1_3v_0/inst/B_new_r20 input pin system_i/ui_awb_1_3v_0/inst/B_new_r20/A[18] is connected to registers with an asynchronous reset. This is preventing the possibility of merging these registers in to the DSP Block since the DSP block registers only possess synchronous reset capability.  It is suggested to recode or change these registers to remove the reset or use a synchronous reset to get the best optimization for performance, power and area.
Related violations: <none>

DPIR-1#39 Warning
Asynchronous driver check  
DSP system_i/ui_awb_1_3v_0/inst/B_new_r20 input pin system_i/ui_awb_1_3v_0/inst/B_new_r20/A[19] is connected to registers with an asynchronous reset. This is preventing the possibility of merging these registers in to the DSP Block since the DSP block registers only possess synchronous reset capability.  It is suggested to recode or change these registers to remove the reset or use a synchronous reset to get the best optimization for performance, power and area.
Related violations: <none>

DPIR-1#40 Warning
Asynchronous driver check  
DSP system_i/ui_awb_1_3v_0/inst/B_new_r20 input pin system_i/ui_awb_1_3v_0/inst/B_new_r20/A[1] is connected to registers with an asynchronous reset. This is preventing the possibility of merging these registers in to the DSP Block since the DSP block registers only possess synchronous reset capability.  It is suggested to recode or change these registers to remove the reset or use a synchronous reset to get the best optimization for performance, power and area.
Related violations: <none>

DPIR-1#41 Warning
Asynchronous driver check  
DSP system_i/ui_awb_1_3v_0/inst/B_new_r20 input pin system_i/ui_awb_1_3v_0/inst/B_new_r20/A[2] is connected to registers with an asynchronous reset. This is preventing the possibility of merging these registers in to the DSP Block since the DSP block registers only possess synchronous reset capability.  It is suggested to recode or change these registers to remove the reset or use a synchronous reset to get the best optimization for performance, power and area.
Related violations: <none>

DPIR-1#42 Warning
Asynchronous driver check  
DSP system_i/ui_awb_1_3v_0/inst/B_new_r20 input pin system_i/ui_awb_1_3v_0/inst/B_new_r20/A[3] is connected to registers with an asynchronous reset. This is preventing the possibility of merging these registers in to the DSP Block since the DSP block registers only possess synchronous reset capability.  It is suggested to recode or change these registers to remove the reset or use a synchronous reset to get the best optimization for performance, power and area.
Related violations: <none>

DPIR-1#43 Warning
Asynchronous driver check  
DSP system_i/ui_awb_1_3v_0/inst/B_new_r20 input pin system_i/ui_awb_1_3v_0/inst/B_new_r20/A[4] is connected to registers with an asynchronous reset. This is preventing the possibility of merging these registers in to the DSP Block since the DSP block registers only possess synchronous reset capability.  It is suggested to recode or change these registers to remove the reset or use a synchronous reset to get the best optimization for performance, power and area.
Related violations: <none>

DPIR-1#44 Warning
Asynchronous driver check  
DSP system_i/ui_awb_1_3v_0/inst/B_new_r20 input pin system_i/ui_awb_1_3v_0/inst/B_new_r20/A[5] is connected to registers with an asynchronous reset. This is preventing the possibility of merging these registers in to the DSP Block since the DSP block registers only possess synchronous reset capability.  It is suggested to recode or change these registers to remove the reset or use a synchronous reset to get the best optimization for performance, power and area.
Related violations: <none>

DPIR-1#45 Warning
Asynchronous driver check  
DSP system_i/ui_awb_1_3v_0/inst/B_new_r20 input pin system_i/ui_awb_1_3v_0/inst/B_new_r20/A[6] is connected to registers with an asynchronous reset. This is preventing the possibility of merging these registers in to the DSP Block since the DSP block registers only possess synchronous reset capability.  It is suggested to recode or change these registers to remove the reset or use a synchronous reset to get the best optimization for performance, power and area.
Related violations: <none>

DPIR-1#46 Warning
Asynchronous driver check  
DSP system_i/ui_awb_1_3v_0/inst/B_new_r20 input pin system_i/ui_awb_1_3v_0/inst/B_new_r20/A[7] is connected to registers with an asynchronous reset. This is preventing the possibility of merging these registers in to the DSP Block since the DSP block registers only possess synchronous reset capability.  It is suggested to recode or change these registers to remove the reset or use a synchronous reset to get the best optimization for performance, power and area.
Related violations: <none>

DPIR-1#47 Warning
Asynchronous driver check  
DSP system_i/ui_awb_1_3v_0/inst/B_new_r20 input pin system_i/ui_awb_1_3v_0/inst/B_new_r20/A[8] is connected to registers with an asynchronous reset. This is preventing the possibility of merging these registers in to the DSP Block since the DSP block registers only possess synchronous reset capability.  It is suggested to recode or change these registers to remove the reset or use a synchronous reset to get the best optimization for performance, power and area.
Related violations: <none>

DPIR-1#48 Warning
Asynchronous driver check  
DSP system_i/ui_awb_1_3v_0/inst/B_new_r20 input pin system_i/ui_awb_1_3v_0/inst/B_new_r20/A[9] is connected to registers with an asynchronous reset. This is preventing the possibility of merging these registers in to the DSP Block since the DSP block registers only possess synchronous reset capability.  It is suggested to recode or change these registers to remove the reset or use a synchronous reset to get the best optimization for performance, power and area.
Related violations: <none>

DPIR-1#49 Warning
Asynchronous driver check  
DSP system_i/ui_awb_1_3v_0/inst/B_new_r20 input pin system_i/ui_awb_1_3v_0/inst/B_new_r20/B[0] is connected to registers with an asynchronous reset. This is preventing the possibility of merging these registers in to the DSP Block since the DSP block registers only possess synchronous reset capability.  It is suggested to recode or change these registers to remove the reset or use a synchronous reset to get the best optimization for performance, power and area.
Related violations: <none>

DPIR-1#50 Warning
Asynchronous driver check  
DSP system_i/ui_awb_1_3v_0/inst/B_new_r20 input pin system_i/ui_awb_1_3v_0/inst/B_new_r20/B[1] is connected to registers with an asynchronous reset. This is preventing the possibility of merging these registers in to the DSP Block since the DSP block registers only possess synchronous reset capability.  It is suggested to recode or change these registers to remove the reset or use a synchronous reset to get the best optimization for performance, power and area.
Related violations: <none>

DPIR-1#51 Warning
Asynchronous driver check  
DSP system_i/ui_awb_1_3v_0/inst/B_new_r20 input pin system_i/ui_awb_1_3v_0/inst/B_new_r20/B[2] is connected to registers with an asynchronous reset. This is preventing the possibility of merging these registers in to the DSP Block since the DSP block registers only possess synchronous reset capability.  It is suggested to recode or change these registers to remove the reset or use a synchronous reset to get the best optimization for performance, power and area.
Related violations: <none>

DPIR-1#52 Warning
Asynchronous driver check  
DSP system_i/ui_awb_1_3v_0/inst/B_new_r20 input pin system_i/ui_awb_1_3v_0/inst/B_new_r20/B[3] is connected to registers with an asynchronous reset. This is preventing the possibility of merging these registers in to the DSP Block since the DSP block registers only possess synchronous reset capability.  It is suggested to recode or change these registers to remove the reset or use a synchronous reset to get the best optimization for performance, power and area.
Related violations: <none>

DPIR-1#53 Warning
Asynchronous driver check  
DSP system_i/ui_awb_1_3v_0/inst/B_new_r20 input pin system_i/ui_awb_1_3v_0/inst/B_new_r20/B[4] is connected to registers with an asynchronous reset. This is preventing the possibility of merging these registers in to the DSP Block since the DSP block registers only possess synchronous reset capability.  It is suggested to recode or change these registers to remove the reset or use a synchronous reset to get the best optimization for performance, power and area.
Related violations: <none>

DPIR-1#54 Warning
Asynchronous driver check  
DSP system_i/ui_awb_1_3v_0/inst/B_new_r20 input pin system_i/ui_awb_1_3v_0/inst/B_new_r20/B[5] is connected to registers with an asynchronous reset. This is preventing the possibility of merging these registers in to the DSP Block since the DSP block registers only possess synchronous reset capability.  It is suggested to recode or change these registers to remove the reset or use a synchronous reset to get the best optimization for performance, power and area.
Related violations: <none>

DPIR-1#55 Warning
Asynchronous driver check  
DSP system_i/ui_awb_1_3v_0/inst/B_new_r20 input pin system_i/ui_awb_1_3v_0/inst/B_new_r20/B[6] is connected to registers with an asynchronous reset. This is preventing the possibility of merging these registers in to the DSP Block since the DSP block registers only possess synchronous reset capability.  It is suggested to recode or change these registers to remove the reset or use a synchronous reset to get the best optimization for performance, power and area.
Related violations: <none>

DPIR-1#56 Warning
Asynchronous driver check  
DSP system_i/ui_awb_1_3v_0/inst/B_new_r20 input pin system_i/ui_awb_1_3v_0/inst/B_new_r20/B[7] is connected to registers with an asynchronous reset. This is preventing the possibility of merging these registers in to the DSP Block since the DSP block registers only possess synchronous reset capability.  It is suggested to recode or change these registers to remove the reset or use a synchronous reset to get the best optimization for performance, power and area.
Related violations: <none>

DPIR-1#57 Warning
Asynchronous driver check  
DSP system_i/ui_awb_1_3v_0/inst/B_new_r30 input pin system_i/ui_awb_1_3v_0/inst/B_new_r30/A[0] is connected to registers with an asynchronous reset. This is preventing the possibility of merging these registers in to the DSP Block since the DSP block registers only possess synchronous reset capability.  It is suggested to recode or change these registers to remove the reset or use a synchronous reset to get the best optimization for performance, power and area.
Related violations: <none>

DPIR-1#58 Warning
Asynchronous driver check  
DSP system_i/ui_awb_1_3v_0/inst/B_new_r30 input pin system_i/ui_awb_1_3v_0/inst/B_new_r30/A[10] is connected to registers with an asynchronous reset. This is preventing the possibility of merging these registers in to the DSP Block since the DSP block registers only possess synchronous reset capability.  It is suggested to recode or change these registers to remove the reset or use a synchronous reset to get the best optimization for performance, power and area.
Related violations: <none>

DPIR-1#59 Warning
Asynchronous driver check  
DSP system_i/ui_awb_1_3v_0/inst/B_new_r30 input pin system_i/ui_awb_1_3v_0/inst/B_new_r30/A[11] is connected to registers with an asynchronous reset. This is preventing the possibility of merging these registers in to the DSP Block since the DSP block registers only possess synchronous reset capability.  It is suggested to recode or change these registers to remove the reset or use a synchronous reset to get the best optimization for performance, power and area.
Related violations: <none>

DPIR-1#60 Warning
Asynchronous driver check  
DSP system_i/ui_awb_1_3v_0/inst/B_new_r30 input pin system_i/ui_awb_1_3v_0/inst/B_new_r30/A[12] is connected to registers with an asynchronous reset. This is preventing the possibility of merging these registers in to the DSP Block since the DSP block registers only possess synchronous reset capability.  It is suggested to recode or change these registers to remove the reset or use a synchronous reset to get the best optimization for performance, power and area.
Related violations: <none>

DPIR-1#61 Warning
Asynchronous driver check  
DSP system_i/ui_awb_1_3v_0/inst/B_new_r30 input pin system_i/ui_awb_1_3v_0/inst/B_new_r30/A[13] is connected to registers with an asynchronous reset. This is preventing the possibility of merging these registers in to the DSP Block since the DSP block registers only possess synchronous reset capability.  It is suggested to recode or change these registers to remove the reset or use a synchronous reset to get the best optimization for performance, power and area.
Related violations: <none>

DPIR-1#62 Warning
Asynchronous driver check  
DSP system_i/ui_awb_1_3v_0/inst/B_new_r30 input pin system_i/ui_awb_1_3v_0/inst/B_new_r30/A[14] is connected to registers with an asynchronous reset. This is preventing the possibility of merging these registers in to the DSP Block since the DSP block registers only possess synchronous reset capability.  It is suggested to recode or change these registers to remove the reset or use a synchronous reset to get the best optimization for performance, power and area.
Related violations: <none>

DPIR-1#63 Warning
Asynchronous driver check  
DSP system_i/ui_awb_1_3v_0/inst/B_new_r30 input pin system_i/ui_awb_1_3v_0/inst/B_new_r30/A[15] is connected to registers with an asynchronous reset. This is preventing the possibility of merging these registers in to the DSP Block since the DSP block registers only possess synchronous reset capability.  It is suggested to recode or change these registers to remove the reset or use a synchronous reset to get the best optimization for performance, power and area.
Related violations: <none>

DPIR-1#64 Warning
Asynchronous driver check  
DSP system_i/ui_awb_1_3v_0/inst/B_new_r30 input pin system_i/ui_awb_1_3v_0/inst/B_new_r30/A[16] is connected to registers with an asynchronous reset. This is preventing the possibility of merging these registers in to the DSP Block since the DSP block registers only possess synchronous reset capability.  It is suggested to recode or change these registers to remove the reset or use a synchronous reset to get the best optimization for performance, power and area.
Related violations: <none>

DPIR-1#65 Warning
Asynchronous driver check  
DSP system_i/ui_awb_1_3v_0/inst/B_new_r30 input pin system_i/ui_awb_1_3v_0/inst/B_new_r30/A[17] is connected to registers with an asynchronous reset. This is preventing the possibility of merging these registers in to the DSP Block since the DSP block registers only possess synchronous reset capability.  It is suggested to recode or change these registers to remove the reset or use a synchronous reset to get the best optimization for performance, power and area.
Related violations: <none>

DPIR-1#66 Warning
Asynchronous driver check  
DSP system_i/ui_awb_1_3v_0/inst/B_new_r30 input pin system_i/ui_awb_1_3v_0/inst/B_new_r30/A[18] is connected to registers with an asynchronous reset. This is preventing the possibility of merging these registers in to the DSP Block since the DSP block registers only possess synchronous reset capability.  It is suggested to recode or change these registers to remove the reset or use a synchronous reset to get the best optimization for performance, power and area.
Related violations: <none>

DPIR-1#67 Warning
Asynchronous driver check  
DSP system_i/ui_awb_1_3v_0/inst/B_new_r30 input pin system_i/ui_awb_1_3v_0/inst/B_new_r30/A[19] is connected to registers with an asynchronous reset. This is preventing the possibility of merging these registers in to the DSP Block since the DSP block registers only possess synchronous reset capability.  It is suggested to recode or change these registers to remove the reset or use a synchronous reset to get the best optimization for performance, power and area.
Related violations: <none>

DPIR-1#68 Warning
Asynchronous driver check  
DSP system_i/ui_awb_1_3v_0/inst/B_new_r30 input pin system_i/ui_awb_1_3v_0/inst/B_new_r30/A[1] is connected to registers with an asynchronous reset. This is preventing the possibility of merging these registers in to the DSP Block since the DSP block registers only possess synchronous reset capability.  It is suggested to recode or change these registers to remove the reset or use a synchronous reset to get the best optimization for performance, power and area.
Related violations: <none>

DPIR-1#69 Warning
Asynchronous driver check  
DSP system_i/ui_awb_1_3v_0/inst/B_new_r30 input pin system_i/ui_awb_1_3v_0/inst/B_new_r30/A[2] is connected to registers with an asynchronous reset. This is preventing the possibility of merging these registers in to the DSP Block since the DSP block registers only possess synchronous reset capability.  It is suggested to recode or change these registers to remove the reset or use a synchronous reset to get the best optimization for performance, power and area.
Related violations: <none>

DPIR-1#70 Warning
Asynchronous driver check  
DSP system_i/ui_awb_1_3v_0/inst/B_new_r30 input pin system_i/ui_awb_1_3v_0/inst/B_new_r30/A[3] is connected to registers with an asynchronous reset. This is preventing the possibility of merging these registers in to the DSP Block since the DSP block registers only possess synchronous reset capability.  It is suggested to recode or change these registers to remove the reset or use a synchronous reset to get the best optimization for performance, power and area.
Related violations: <none>

DPIR-1#71 Warning
Asynchronous driver check  
DSP system_i/ui_awb_1_3v_0/inst/B_new_r30 input pin system_i/ui_awb_1_3v_0/inst/B_new_r30/A[4] is connected to registers with an asynchronous reset. This is preventing the possibility of merging these registers in to the DSP Block since the DSP block registers only possess synchronous reset capability.  It is suggested to recode or change these registers to remove the reset or use a synchronous reset to get the best optimization for performance, power and area.
Related violations: <none>

DPIR-1#72 Warning
Asynchronous driver check  
DSP system_i/ui_awb_1_3v_0/inst/B_new_r30 input pin system_i/ui_awb_1_3v_0/inst/B_new_r30/A[5] is connected to registers with an asynchronous reset. This is preventing the possibility of merging these registers in to the DSP Block since the DSP block registers only possess synchronous reset capability.  It is suggested to recode or change these registers to remove the reset or use a synchronous reset to get the best optimization for performance, power and area.
Related violations: <none>

DPIR-1#73 Warning
Asynchronous driver check  
DSP system_i/ui_awb_1_3v_0/inst/B_new_r30 input pin system_i/ui_awb_1_3v_0/inst/B_new_r30/A[6] is connected to registers with an asynchronous reset. This is preventing the possibility of merging these registers in to the DSP Block since the DSP block registers only possess synchronous reset capability.  It is suggested to recode or change these registers to remove the reset or use a synchronous reset to get the best optimization for performance, power and area.
Related violations: <none>

DPIR-1#74 Warning
Asynchronous driver check  
DSP system_i/ui_awb_1_3v_0/inst/B_new_r30 input pin system_i/ui_awb_1_3v_0/inst/B_new_r30/A[7] is connected to registers with an asynchronous reset. This is preventing the possibility of merging these registers in to the DSP Block since the DSP block registers only possess synchronous reset capability.  It is suggested to recode or change these registers to remove the reset or use a synchronous reset to get the best optimization for performance, power and area.
Related violations: <none>

DPIR-1#75 Warning
Asynchronous driver check  
DSP system_i/ui_awb_1_3v_0/inst/B_new_r30 input pin system_i/ui_awb_1_3v_0/inst/B_new_r30/A[8] is connected to registers with an asynchronous reset. This is preventing the possibility of merging these registers in to the DSP Block since the DSP block registers only possess synchronous reset capability.  It is suggested to recode or change these registers to remove the reset or use a synchronous reset to get the best optimization for performance, power and area.
Related violations: <none>

DPIR-1#76 Warning
Asynchronous driver check  
DSP system_i/ui_awb_1_3v_0/inst/B_new_r30 input pin system_i/ui_awb_1_3v_0/inst/B_new_r30/A[9] is connected to registers with an asynchronous reset. This is preventing the possibility of merging these registers in to the DSP Block since the DSP block registers only possess synchronous reset capability.  It is suggested to recode or change these registers to remove the reset or use a synchronous reset to get the best optimization for performance, power and area.
Related violations: <none>

DPIR-1#77 Warning
Asynchronous driver check  
DSP system_i/ui_awb_1_3v_0/inst/B_new_r30 input pin system_i/ui_awb_1_3v_0/inst/B_new_r30/B[0] is connected to registers with an asynchronous reset. This is preventing the possibility of merging these registers in to the DSP Block since the DSP block registers only possess synchronous reset capability.  It is suggested to recode or change these registers to remove the reset or use a synchronous reset to get the best optimization for performance, power and area.
Related violations: <none>

DPIR-1#78 Warning
Asynchronous driver check  
DSP system_i/ui_awb_1_3v_0/inst/B_new_r30 input pin system_i/ui_awb_1_3v_0/inst/B_new_r30/B[1] is connected to registers with an asynchronous reset. This is preventing the possibility of merging these registers in to the DSP Block since the DSP block registers only possess synchronous reset capability.  It is suggested to recode or change these registers to remove the reset or use a synchronous reset to get the best optimization for performance, power and area.
Related violations: <none>

DPIR-1#79 Warning
Asynchronous driver check  
DSP system_i/ui_awb_1_3v_0/inst/B_new_r30 input pin system_i/ui_awb_1_3v_0/inst/B_new_r30/B[2] is connected to registers with an asynchronous reset. This is preventing the possibility of merging these registers in to the DSP Block since the DSP block registers only possess synchronous reset capability.  It is suggested to recode or change these registers to remove the reset or use a synchronous reset to get the best optimization for performance, power and area.
Related violations: <none>

DPIR-1#80 Warning
Asynchronous driver check  
DSP system_i/ui_awb_1_3v_0/inst/B_new_r30 input pin system_i/ui_awb_1_3v_0/inst/B_new_r30/B[3] is connected to registers with an asynchronous reset. This is preventing the possibility of merging these registers in to the DSP Block since the DSP block registers only possess synchronous reset capability.  It is suggested to recode or change these registers to remove the reset or use a synchronous reset to get the best optimization for performance, power and area.
Related violations: <none>

DPIR-1#81 Warning
Asynchronous driver check  
DSP system_i/ui_awb_1_3v_0/inst/B_new_r30 input pin system_i/ui_awb_1_3v_0/inst/B_new_r30/B[4] is connected to registers with an asynchronous reset. This is preventing the possibility of merging these registers in to the DSP Block since the DSP block registers only possess synchronous reset capability.  It is suggested to recode or change these registers to remove the reset or use a synchronous reset to get the best optimization for performance, power and area.
Related violations: <none>

DPIR-1#82 Warning
Asynchronous driver check  
DSP system_i/ui_awb_1_3v_0/inst/B_new_r30 input pin system_i/ui_awb_1_3v_0/inst/B_new_r30/B[5] is connected to registers with an asynchronous reset. This is preventing the possibility of merging these registers in to the DSP Block since the DSP block registers only possess synchronous reset capability.  It is suggested to recode or change these registers to remove the reset or use a synchronous reset to get the best optimization for performance, power and area.
Related violations: <none>

DPIR-1#83 Warning
Asynchronous driver check  
DSP system_i/ui_awb_1_3v_0/inst/B_new_r30 input pin system_i/ui_awb_1_3v_0/inst/B_new_r30/B[6] is connected to registers with an asynchronous reset. This is preventing the possibility of merging these registers in to the DSP Block since the DSP block registers only possess synchronous reset capability.  It is suggested to recode or change these registers to remove the reset or use a synchronous reset to get the best optimization for performance, power and area.
Related violations: <none>

DPIR-1#84 Warning
Asynchronous driver check  
DSP system_i/ui_awb_1_3v_0/inst/B_new_r30 input pin system_i/ui_awb_1_3v_0/inst/B_new_r30/B[7] is connected to registers with an asynchronous reset. This is preventing the possibility of merging these registers in to the DSP Block since the DSP block registers only possess synchronous reset capability.  It is suggested to recode or change these registers to remove the reset or use a synchronous reset to get the best optimization for performance, power and area.
Related violations: <none>

DPIR-1#85 Warning
Asynchronous driver check  
DSP system_i/ui_awb_1_3v_0/inst/B_new_r40 input pin system_i/ui_awb_1_3v_0/inst/B_new_r40/A[0] is connected to registers with an asynchronous reset. This is preventing the possibility of merging these registers in to the DSP Block since the DSP block registers only possess synchronous reset capability.  It is suggested to recode or change these registers to remove the reset or use a synchronous reset to get the best optimization for performance, power and area.
Related violations: <none>

DPIR-1#86 Warning
Asynchronous driver check  
DSP system_i/ui_awb_1_3v_0/inst/B_new_r40 input pin system_i/ui_awb_1_3v_0/inst/B_new_r40/A[10] is connected to registers with an asynchronous reset. This is preventing the possibility of merging these registers in to the DSP Block since the DSP block registers only possess synchronous reset capability.  It is suggested to recode or change these registers to remove the reset or use a synchronous reset to get the best optimization for performance, power and area.
Related violations: <none>

DPIR-1#87 Warning
Asynchronous driver check  
DSP system_i/ui_awb_1_3v_0/inst/B_new_r40 input pin system_i/ui_awb_1_3v_0/inst/B_new_r40/A[11] is connected to registers with an asynchronous reset. This is preventing the possibility of merging these registers in to the DSP Block since the DSP block registers only possess synchronous reset capability.  It is suggested to recode or change these registers to remove the reset or use a synchronous reset to get the best optimization for performance, power and area.
Related violations: <none>

DPIR-1#88 Warning
Asynchronous driver check  
DSP system_i/ui_awb_1_3v_0/inst/B_new_r40 input pin system_i/ui_awb_1_3v_0/inst/B_new_r40/A[12] is connected to registers with an asynchronous reset. This is preventing the possibility of merging these registers in to the DSP Block since the DSP block registers only possess synchronous reset capability.  It is suggested to recode or change these registers to remove the reset or use a synchronous reset to get the best optimization for performance, power and area.
Related violations: <none>

DPIR-1#89 Warning
Asynchronous driver check  
DSP system_i/ui_awb_1_3v_0/inst/B_new_r40 input pin system_i/ui_awb_1_3v_0/inst/B_new_r40/A[13] is connected to registers with an asynchronous reset. This is preventing the possibility of merging these registers in to the DSP Block since the DSP block registers only possess synchronous reset capability.  It is suggested to recode or change these registers to remove the reset or use a synchronous reset to get the best optimization for performance, power and area.
Related violations: <none>

DPIR-1#90 Warning
Asynchronous driver check  
DSP system_i/ui_awb_1_3v_0/inst/B_new_r40 input pin system_i/ui_awb_1_3v_0/inst/B_new_r40/A[14] is connected to registers with an asynchronous reset. This is preventing the possibility of merging these registers in to the DSP Block since the DSP block registers only possess synchronous reset capability.  It is suggested to recode or change these registers to remove the reset or use a synchronous reset to get the best optimization for performance, power and area.
Related violations: <none>

DPIR-1#91 Warning
Asynchronous driver check  
DSP system_i/ui_awb_1_3v_0/inst/B_new_r40 input pin system_i/ui_awb_1_3v_0/inst/B_new_r40/A[15] is connected to registers with an asynchronous reset. This is preventing the possibility of merging these registers in to the DSP Block since the DSP block registers only possess synchronous reset capability.  It is suggested to recode or change these registers to remove the reset or use a synchronous reset to get the best optimization for performance, power and area.
Related violations: <none>

DPIR-1#92 Warning
Asynchronous driver check  
DSP system_i/ui_awb_1_3v_0/inst/B_new_r40 input pin system_i/ui_awb_1_3v_0/inst/B_new_r40/A[16] is connected to registers with an asynchronous reset. This is preventing the possibility of merging these registers in to the DSP Block since the DSP block registers only possess synchronous reset capability.  It is suggested to recode or change these registers to remove the reset or use a synchronous reset to get the best optimization for performance, power and area.
Related violations: <none>

DPIR-1#93 Warning
Asynchronous driver check  
DSP system_i/ui_awb_1_3v_0/inst/B_new_r40 input pin system_i/ui_awb_1_3v_0/inst/B_new_r40/A[17] is connected to registers with an asynchronous reset. This is preventing the possibility of merging these registers in to the DSP Block since the DSP block registers only possess synchronous reset capability.  It is suggested to recode or change these registers to remove the reset or use a synchronous reset to get the best optimization for performance, power and area.
Related violations: <none>

DPIR-1#94 Warning
Asynchronous driver check  
DSP system_i/ui_awb_1_3v_0/inst/B_new_r40 input pin system_i/ui_awb_1_3v_0/inst/B_new_r40/A[18] is connected to registers with an asynchronous reset. This is preventing the possibility of merging these registers in to the DSP Block since the DSP block registers only possess synchronous reset capability.  It is suggested to recode or change these registers to remove the reset or use a synchronous reset to get the best optimization for performance, power and area.
Related violations: <none>

DPIR-1#95 Warning
Asynchronous driver check  
DSP system_i/ui_awb_1_3v_0/inst/B_new_r40 input pin system_i/ui_awb_1_3v_0/inst/B_new_r40/A[19] is connected to registers with an asynchronous reset. This is preventing the possibility of merging these registers in to the DSP Block since the DSP block registers only possess synchronous reset capability.  It is suggested to recode or change these registers to remove the reset or use a synchronous reset to get the best optimization for performance, power and area.
Related violations: <none>

DPIR-1#96 Warning
Asynchronous driver check  
DSP system_i/ui_awb_1_3v_0/inst/B_new_r40 input pin system_i/ui_awb_1_3v_0/inst/B_new_r40/A[1] is connected to registers with an asynchronous reset. This is preventing the possibility of merging these registers in to the DSP Block since the DSP block registers only possess synchronous reset capability.  It is suggested to recode or change these registers to remove the reset or use a synchronous reset to get the best optimization for performance, power and area.
Related violations: <none>

DPIR-1#97 Warning
Asynchronous driver check  
DSP system_i/ui_awb_1_3v_0/inst/B_new_r40 input pin system_i/ui_awb_1_3v_0/inst/B_new_r40/A[2] is connected to registers with an asynchronous reset. This is preventing the possibility of merging these registers in to the DSP Block since the DSP block registers only possess synchronous reset capability.  It is suggested to recode or change these registers to remove the reset or use a synchronous reset to get the best optimization for performance, power and area.
Related violations: <none>

DPIR-1#98 Warning
Asynchronous driver check  
DSP system_i/ui_awb_1_3v_0/inst/B_new_r40 input pin system_i/ui_awb_1_3v_0/inst/B_new_r40/A[3] is connected to registers with an asynchronous reset. This is preventing the possibility of merging these registers in to the DSP Block since the DSP block registers only possess synchronous reset capability.  It is suggested to recode or change these registers to remove the reset or use a synchronous reset to get the best optimization for performance, power and area.
Related violations: <none>

DPIR-1#99 Warning
Asynchronous driver check  
DSP system_i/ui_awb_1_3v_0/inst/B_new_r40 input pin system_i/ui_awb_1_3v_0/inst/B_new_r40/A[4] is connected to registers with an asynchronous reset. This is preventing the possibility of merging these registers in to the DSP Block since the DSP block registers only possess synchronous reset capability.  It is suggested to recode or change these registers to remove the reset or use a synchronous reset to get the best optimization for performance, power and area.
Related violations: <none>

DPIR-1#100 Warning
Asynchronous driver check  
DSP system_i/ui_awb_1_3v_0/inst/B_new_r40 input pin system_i/ui_awb_1_3v_0/inst/B_new_r40/A[5] is connected to registers with an asynchronous reset. This is preventing the possibility of merging these registers in to the DSP Block since the DSP block registers only possess synchronous reset capability.  It is suggested to recode or change these registers to remove the reset or use a synchronous reset to get the best optimization for performance, power and area.
Related violations: <none>

DPIR-1#101 Warning
Asynchronous driver check  
DSP system_i/ui_awb_1_3v_0/inst/B_new_r40 input pin system_i/ui_awb_1_3v_0/inst/B_new_r40/A[6] is connected to registers with an asynchronous reset. This is preventing the possibility of merging these registers in to the DSP Block since the DSP block registers only possess synchronous reset capability.  It is suggested to recode or change these registers to remove the reset or use a synchronous reset to get the best optimization for performance, power and area.
Related violations: <none>

DPIR-1#102 Warning
Asynchronous driver check  
DSP system_i/ui_awb_1_3v_0/inst/B_new_r40 input pin system_i/ui_awb_1_3v_0/inst/B_new_r40/A[7] is connected to registers with an asynchronous reset. This is preventing the possibility of merging these registers in to the DSP Block since the DSP block registers only possess synchronous reset capability.  It is suggested to recode or change these registers to remove the reset or use a synchronous reset to get the best optimization for performance, power and area.
Related violations: <none>

DPIR-1#103 Warning
Asynchronous driver check  
DSP system_i/ui_awb_1_3v_0/inst/B_new_r40 input pin system_i/ui_awb_1_3v_0/inst/B_new_r40/A[8] is connected to registers with an asynchronous reset. This is preventing the possibility of merging these registers in to the DSP Block since the DSP block registers only possess synchronous reset capability.  It is suggested to recode or change these registers to remove the reset or use a synchronous reset to get the best optimization for performance, power and area.
Related violations: <none>

DPIR-1#104 Warning
Asynchronous driver check  
DSP system_i/ui_awb_1_3v_0/inst/B_new_r40 input pin system_i/ui_awb_1_3v_0/inst/B_new_r40/A[9] is connected to registers with an asynchronous reset. This is preventing the possibility of merging these registers in to the DSP Block since the DSP block registers only possess synchronous reset capability.  It is suggested to recode or change these registers to remove the reset or use a synchronous reset to get the best optimization for performance, power and area.
Related violations: <none>

DPIR-1#105 Warning
Asynchronous driver check  
DSP system_i/ui_awb_1_3v_0/inst/B_new_r40 input pin system_i/ui_awb_1_3v_0/inst/B_new_r40/B[0] is connected to registers with an asynchronous reset. This is preventing the possibility of merging these registers in to the DSP Block since the DSP block registers only possess synchronous reset capability.  It is suggested to recode or change these registers to remove the reset or use a synchronous reset to get the best optimization for performance, power and area.
Related violations: <none>

DPIR-1#106 Warning
Asynchronous driver check  
DSP system_i/ui_awb_1_3v_0/inst/B_new_r40 input pin system_i/ui_awb_1_3v_0/inst/B_new_r40/B[1] is connected to registers with an asynchronous reset. This is preventing the possibility of merging these registers in to the DSP Block since the DSP block registers only possess synchronous reset capability.  It is suggested to recode or change these registers to remove the reset or use a synchronous reset to get the best optimization for performance, power and area.
Related violations: <none>

DPIR-1#107 Warning
Asynchronous driver check  
DSP system_i/ui_awb_1_3v_0/inst/B_new_r40 input pin system_i/ui_awb_1_3v_0/inst/B_new_r40/B[2] is connected to registers with an asynchronous reset. This is preventing the possibility of merging these registers in to the DSP Block since the DSP block registers only possess synchronous reset capability.  It is suggested to recode or change these registers to remove the reset or use a synchronous reset to get the best optimization for performance, power and area.
Related violations: <none>

DPIR-1#108 Warning
Asynchronous driver check  
DSP system_i/ui_awb_1_3v_0/inst/B_new_r40 input pin system_i/ui_awb_1_3v_0/inst/B_new_r40/B[3] is connected to registers with an asynchronous reset. This is preventing the possibility of merging these registers in to the DSP Block since the DSP block registers only possess synchronous reset capability.  It is suggested to recode or change these registers to remove the reset or use a synchronous reset to get the best optimization for performance, power and area.
Related violations: <none>

DPIR-1#109 Warning
Asynchronous driver check  
DSP system_i/ui_awb_1_3v_0/inst/B_new_r40 input pin system_i/ui_awb_1_3v_0/inst/B_new_r40/B[4] is connected to registers with an asynchronous reset. This is preventing the possibility of merging these registers in to the DSP Block since the DSP block registers only possess synchronous reset capability.  It is suggested to recode or change these registers to remove the reset or use a synchronous reset to get the best optimization for performance, power and area.
Related violations: <none>

DPIR-1#110 Warning
Asynchronous driver check  
DSP system_i/ui_awb_1_3v_0/inst/B_new_r40 input pin system_i/ui_awb_1_3v_0/inst/B_new_r40/B[5] is connected to registers with an asynchronous reset. This is preventing the possibility of merging these registers in to the DSP Block since the DSP block registers only possess synchronous reset capability.  It is suggested to recode or change these registers to remove the reset or use a synchronous reset to get the best optimization for performance, power and area.
Related violations: <none>

DPIR-1#111 Warning
Asynchronous driver check  
DSP system_i/ui_awb_1_3v_0/inst/B_new_r40 input pin system_i/ui_awb_1_3v_0/inst/B_new_r40/B[6] is connected to registers with an asynchronous reset. This is preventing the possibility of merging these registers in to the DSP Block since the DSP block registers only possess synchronous reset capability.  It is suggested to recode or change these registers to remove the reset or use a synchronous reset to get the best optimization for performance, power and area.
Related violations: <none>

DPIR-1#112 Warning
Asynchronous driver check  
DSP system_i/ui_awb_1_3v_0/inst/B_new_r40 input pin system_i/ui_awb_1_3v_0/inst/B_new_r40/B[7] is connected to registers with an asynchronous reset. This is preventing the possibility of merging these registers in to the DSP Block since the DSP block registers only possess synchronous reset capability.  It is suggested to recode or change these registers to remove the reset or use a synchronous reset to get the best optimization for performance, power and area.
Related violations: <none>

DPIR-1#113 Warning
Asynchronous driver check  
DSP system_i/ui_awb_1_3v_0/inst/R_new_r10 input pin system_i/ui_awb_1_3v_0/inst/R_new_r10/A[0] is connected to registers with an asynchronous reset. This is preventing the possibility of merging these registers in to the DSP Block since the DSP block registers only possess synchronous reset capability.  It is suggested to recode or change these registers to remove the reset or use a synchronous reset to get the best optimization for performance, power and area.
Related violations: <none>

DPIR-1#114 Warning
Asynchronous driver check  
DSP system_i/ui_awb_1_3v_0/inst/R_new_r10 input pin system_i/ui_awb_1_3v_0/inst/R_new_r10/A[10] is connected to registers with an asynchronous reset. This is preventing the possibility of merging these registers in to the DSP Block since the DSP block registers only possess synchronous reset capability.  It is suggested to recode or change these registers to remove the reset or use a synchronous reset to get the best optimization for performance, power and area.
Related violations: <none>

DPIR-1#115 Warning
Asynchronous driver check  
DSP system_i/ui_awb_1_3v_0/inst/R_new_r10 input pin system_i/ui_awb_1_3v_0/inst/R_new_r10/A[11] is connected to registers with an asynchronous reset. This is preventing the possibility of merging these registers in to the DSP Block since the DSP block registers only possess synchronous reset capability.  It is suggested to recode or change these registers to remove the reset or use a synchronous reset to get the best optimization for performance, power and area.
Related violations: <none>

DPIR-1#116 Warning
Asynchronous driver check  
DSP system_i/ui_awb_1_3v_0/inst/R_new_r10 input pin system_i/ui_awb_1_3v_0/inst/R_new_r10/A[12] is connected to registers with an asynchronous reset. This is preventing the possibility of merging these registers in to the DSP Block since the DSP block registers only possess synchronous reset capability.  It is suggested to recode or change these registers to remove the reset or use a synchronous reset to get the best optimization for performance, power and area.
Related violations: <none>

DPIR-1#117 Warning
Asynchronous driver check  
DSP system_i/ui_awb_1_3v_0/inst/R_new_r10 input pin system_i/ui_awb_1_3v_0/inst/R_new_r10/A[13] is connected to registers with an asynchronous reset. This is preventing the possibility of merging these registers in to the DSP Block since the DSP block registers only possess synchronous reset capability.  It is suggested to recode or change these registers to remove the reset or use a synchronous reset to get the best optimization for performance, power and area.
Related violations: <none>

DPIR-1#118 Warning
Asynchronous driver check  
DSP system_i/ui_awb_1_3v_0/inst/R_new_r10 input pin system_i/ui_awb_1_3v_0/inst/R_new_r10/A[14] is connected to registers with an asynchronous reset. This is preventing the possibility of merging these registers in to the DSP Block since the DSP block registers only possess synchronous reset capability.  It is suggested to recode or change these registers to remove the reset or use a synchronous reset to get the best optimization for performance, power and area.
Related violations: <none>

DPIR-1#119 Warning
Asynchronous driver check  
DSP system_i/ui_awb_1_3v_0/inst/R_new_r10 input pin system_i/ui_awb_1_3v_0/inst/R_new_r10/A[15] is connected to registers with an asynchronous reset. This is preventing the possibility of merging these registers in to the DSP Block since the DSP block registers only possess synchronous reset capability.  It is suggested to recode or change these registers to remove the reset or use a synchronous reset to get the best optimization for performance, power and area.
Related violations: <none>

DPIR-1#120 Warning
Asynchronous driver check  
DSP system_i/ui_awb_1_3v_0/inst/R_new_r10 input pin system_i/ui_awb_1_3v_0/inst/R_new_r10/A[16] is connected to registers with an asynchronous reset. This is preventing the possibility of merging these registers in to the DSP Block since the DSP block registers only possess synchronous reset capability.  It is suggested to recode or change these registers to remove the reset or use a synchronous reset to get the best optimization for performance, power and area.
Related violations: <none>

DPIR-1#121 Warning
Asynchronous driver check  
DSP system_i/ui_awb_1_3v_0/inst/R_new_r10 input pin system_i/ui_awb_1_3v_0/inst/R_new_r10/A[17] is connected to registers with an asynchronous reset. This is preventing the possibility of merging these registers in to the DSP Block since the DSP block registers only possess synchronous reset capability.  It is suggested to recode or change these registers to remove the reset or use a synchronous reset to get the best optimization for performance, power and area.
Related violations: <none>

DPIR-1#122 Warning
Asynchronous driver check  
DSP system_i/ui_awb_1_3v_0/inst/R_new_r10 input pin system_i/ui_awb_1_3v_0/inst/R_new_r10/A[18] is connected to registers with an asynchronous reset. This is preventing the possibility of merging these registers in to the DSP Block since the DSP block registers only possess synchronous reset capability.  It is suggested to recode or change these registers to remove the reset or use a synchronous reset to get the best optimization for performance, power and area.
Related violations: <none>

DPIR-1#123 Warning
Asynchronous driver check  
DSP system_i/ui_awb_1_3v_0/inst/R_new_r10 input pin system_i/ui_awb_1_3v_0/inst/R_new_r10/A[19] is connected to registers with an asynchronous reset. This is preventing the possibility of merging these registers in to the DSP Block since the DSP block registers only possess synchronous reset capability.  It is suggested to recode or change these registers to remove the reset or use a synchronous reset to get the best optimization for performance, power and area.
Related violations: <none>

DPIR-1#124 Warning
Asynchronous driver check  
DSP system_i/ui_awb_1_3v_0/inst/R_new_r10 input pin system_i/ui_awb_1_3v_0/inst/R_new_r10/A[1] is connected to registers with an asynchronous reset. This is preventing the possibility of merging these registers in to the DSP Block since the DSP block registers only possess synchronous reset capability.  It is suggested to recode or change these registers to remove the reset or use a synchronous reset to get the best optimization for performance, power and area.
Related violations: <none>

DPIR-1#125 Warning
Asynchronous driver check  
DSP system_i/ui_awb_1_3v_0/inst/R_new_r10 input pin system_i/ui_awb_1_3v_0/inst/R_new_r10/A[2] is connected to registers with an asynchronous reset. This is preventing the possibility of merging these registers in to the DSP Block since the DSP block registers only possess synchronous reset capability.  It is suggested to recode or change these registers to remove the reset or use a synchronous reset to get the best optimization for performance, power and area.
Related violations: <none>

DPIR-1#126 Warning
Asynchronous driver check  
DSP system_i/ui_awb_1_3v_0/inst/R_new_r10 input pin system_i/ui_awb_1_3v_0/inst/R_new_r10/A[3] is connected to registers with an asynchronous reset. This is preventing the possibility of merging these registers in to the DSP Block since the DSP block registers only possess synchronous reset capability.  It is suggested to recode or change these registers to remove the reset or use a synchronous reset to get the best optimization for performance, power and area.
Related violations: <none>

DPIR-1#127 Warning
Asynchronous driver check  
DSP system_i/ui_awb_1_3v_0/inst/R_new_r10 input pin system_i/ui_awb_1_3v_0/inst/R_new_r10/A[4] is connected to registers with an asynchronous reset. This is preventing the possibility of merging these registers in to the DSP Block since the DSP block registers only possess synchronous reset capability.  It is suggested to recode or change these registers to remove the reset or use a synchronous reset to get the best optimization for performance, power and area.
Related violations: <none>

DPIR-1#128 Warning
Asynchronous driver check  
DSP system_i/ui_awb_1_3v_0/inst/R_new_r10 input pin system_i/ui_awb_1_3v_0/inst/R_new_r10/A[5] is connected to registers with an asynchronous reset. This is preventing the possibility of merging these registers in to the DSP Block since the DSP block registers only possess synchronous reset capability.  It is suggested to recode or change these registers to remove the reset or use a synchronous reset to get the best optimization for performance, power and area.
Related violations: <none>

DPIR-1#129 Warning
Asynchronous driver check  
DSP system_i/ui_awb_1_3v_0/inst/R_new_r10 input pin system_i/ui_awb_1_3v_0/inst/R_new_r10/A[6] is connected to registers with an asynchronous reset. This is preventing the possibility of merging these registers in to the DSP Block since the DSP block registers only possess synchronous reset capability.  It is suggested to recode or change these registers to remove the reset or use a synchronous reset to get the best optimization for performance, power and area.
Related violations: <none>

DPIR-1#130 Warning
Asynchronous driver check  
DSP system_i/ui_awb_1_3v_0/inst/R_new_r10 input pin system_i/ui_awb_1_3v_0/inst/R_new_r10/A[7] is connected to registers with an asynchronous reset. This is preventing the possibility of merging these registers in to the DSP Block since the DSP block registers only possess synchronous reset capability.  It is suggested to recode or change these registers to remove the reset or use a synchronous reset to get the best optimization for performance, power and area.
Related violations: <none>

DPIR-1#131 Warning
Asynchronous driver check  
DSP system_i/ui_awb_1_3v_0/inst/R_new_r10 input pin system_i/ui_awb_1_3v_0/inst/R_new_r10/A[8] is connected to registers with an asynchronous reset. This is preventing the possibility of merging these registers in to the DSP Block since the DSP block registers only possess synchronous reset capability.  It is suggested to recode or change these registers to remove the reset or use a synchronous reset to get the best optimization for performance, power and area.
Related violations: <none>

DPIR-1#132 Warning
Asynchronous driver check  
DSP system_i/ui_awb_1_3v_0/inst/R_new_r10 input pin system_i/ui_awb_1_3v_0/inst/R_new_r10/A[9] is connected to registers with an asynchronous reset. This is preventing the possibility of merging these registers in to the DSP Block since the DSP block registers only possess synchronous reset capability.  It is suggested to recode or change these registers to remove the reset or use a synchronous reset to get the best optimization for performance, power and area.
Related violations: <none>

DPIR-1#133 Warning
Asynchronous driver check  
DSP system_i/ui_awb_1_3v_0/inst/R_new_r10 input pin system_i/ui_awb_1_3v_0/inst/R_new_r10/B[0] is connected to registers with an asynchronous reset. This is preventing the possibility of merging these registers in to the DSP Block since the DSP block registers only possess synchronous reset capability.  It is suggested to recode or change these registers to remove the reset or use a synchronous reset to get the best optimization for performance, power and area.
Related violations: <none>

DPIR-1#134 Warning
Asynchronous driver check  
DSP system_i/ui_awb_1_3v_0/inst/R_new_r10 input pin system_i/ui_awb_1_3v_0/inst/R_new_r10/B[1] is connected to registers with an asynchronous reset. This is preventing the possibility of merging these registers in to the DSP Block since the DSP block registers only possess synchronous reset capability.  It is suggested to recode or change these registers to remove the reset or use a synchronous reset to get the best optimization for performance, power and area.
Related violations: <none>

DPIR-1#135 Warning
Asynchronous driver check  
DSP system_i/ui_awb_1_3v_0/inst/R_new_r10 input pin system_i/ui_awb_1_3v_0/inst/R_new_r10/B[2] is connected to registers with an asynchronous reset. This is preventing the possibility of merging these registers in to the DSP Block since the DSP block registers only possess synchronous reset capability.  It is suggested to recode or change these registers to remove the reset or use a synchronous reset to get the best optimization for performance, power and area.
Related violations: <none>

DPIR-1#136 Warning
Asynchronous driver check  
DSP system_i/ui_awb_1_3v_0/inst/R_new_r10 input pin system_i/ui_awb_1_3v_0/inst/R_new_r10/B[3] is connected to registers with an asynchronous reset. This is preventing the possibility of merging these registers in to the DSP Block since the DSP block registers only possess synchronous reset capability.  It is suggested to recode or change these registers to remove the reset or use a synchronous reset to get the best optimization for performance, power and area.
Related violations: <none>

DPIR-1#137 Warning
Asynchronous driver check  
DSP system_i/ui_awb_1_3v_0/inst/R_new_r10 input pin system_i/ui_awb_1_3v_0/inst/R_new_r10/B[4] is connected to registers with an asynchronous reset. This is preventing the possibility of merging these registers in to the DSP Block since the DSP block registers only possess synchronous reset capability.  It is suggested to recode or change these registers to remove the reset or use a synchronous reset to get the best optimization for performance, power and area.
Related violations: <none>

DPIR-1#138 Warning
Asynchronous driver check  
DSP system_i/ui_awb_1_3v_0/inst/R_new_r10 input pin system_i/ui_awb_1_3v_0/inst/R_new_r10/B[5] is connected to registers with an asynchronous reset. This is preventing the possibility of merging these registers in to the DSP Block since the DSP block registers only possess synchronous reset capability.  It is suggested to recode or change these registers to remove the reset or use a synchronous reset to get the best optimization for performance, power and area.
Related violations: <none>

DPIR-1#139 Warning
Asynchronous driver check  
DSP system_i/ui_awb_1_3v_0/inst/R_new_r10 input pin system_i/ui_awb_1_3v_0/inst/R_new_r10/B[6] is connected to registers with an asynchronous reset. This is preventing the possibility of merging these registers in to the DSP Block since the DSP block registers only possess synchronous reset capability.  It is suggested to recode or change these registers to remove the reset or use a synchronous reset to get the best optimization for performance, power and area.
Related violations: <none>

DPIR-1#140 Warning
Asynchronous driver check  
DSP system_i/ui_awb_1_3v_0/inst/R_new_r10 input pin system_i/ui_awb_1_3v_0/inst/R_new_r10/B[7] is connected to registers with an asynchronous reset. This is preventing the possibility of merging these registers in to the DSP Block since the DSP block registers only possess synchronous reset capability.  It is suggested to recode or change these registers to remove the reset or use a synchronous reset to get the best optimization for performance, power and area.
Related violations: <none>

DPIR-1#141 Warning
Asynchronous driver check  
DSP system_i/ui_awb_1_3v_0/inst/R_new_r20 input pin system_i/ui_awb_1_3v_0/inst/R_new_r20/A[0] is connected to registers with an asynchronous reset. This is preventing the possibility of merging these registers in to the DSP Block since the DSP block registers only possess synchronous reset capability.  It is suggested to recode or change these registers to remove the reset or use a synchronous reset to get the best optimization for performance, power and area.
Related violations: <none>

DPIR-1#142 Warning
Asynchronous driver check  
DSP system_i/ui_awb_1_3v_0/inst/R_new_r20 input pin system_i/ui_awb_1_3v_0/inst/R_new_r20/A[10] is connected to registers with an asynchronous reset. This is preventing the possibility of merging these registers in to the DSP Block since the DSP block registers only possess synchronous reset capability.  It is suggested to recode or change these registers to remove the reset or use a synchronous reset to get the best optimization for performance, power and area.
Related violations: <none>

DPIR-1#143 Warning
Asynchronous driver check  
DSP system_i/ui_awb_1_3v_0/inst/R_new_r20 input pin system_i/ui_awb_1_3v_0/inst/R_new_r20/A[11] is connected to registers with an asynchronous reset. This is preventing the possibility of merging these registers in to the DSP Block since the DSP block registers only possess synchronous reset capability.  It is suggested to recode or change these registers to remove the reset or use a synchronous reset to get the best optimization for performance, power and area.
Related violations: <none>

DPIR-1#144 Warning
Asynchronous driver check  
DSP system_i/ui_awb_1_3v_0/inst/R_new_r20 input pin system_i/ui_awb_1_3v_0/inst/R_new_r20/A[12] is connected to registers with an asynchronous reset. This is preventing the possibility of merging these registers in to the DSP Block since the DSP block registers only possess synchronous reset capability.  It is suggested to recode or change these registers to remove the reset or use a synchronous reset to get the best optimization for performance, power and area.
Related violations: <none>

DPIR-1#145 Warning
Asynchronous driver check  
DSP system_i/ui_awb_1_3v_0/inst/R_new_r20 input pin system_i/ui_awb_1_3v_0/inst/R_new_r20/A[13] is connected to registers with an asynchronous reset. This is preventing the possibility of merging these registers in to the DSP Block since the DSP block registers only possess synchronous reset capability.  It is suggested to recode or change these registers to remove the reset or use a synchronous reset to get the best optimization for performance, power and area.
Related violations: <none>

DPIR-1#146 Warning
Asynchronous driver check  
DSP system_i/ui_awb_1_3v_0/inst/R_new_r20 input pin system_i/ui_awb_1_3v_0/inst/R_new_r20/A[14] is connected to registers with an asynchronous reset. This is preventing the possibility of merging these registers in to the DSP Block since the DSP block registers only possess synchronous reset capability.  It is suggested to recode or change these registers to remove the reset or use a synchronous reset to get the best optimization for performance, power and area.
Related violations: <none>

DPIR-1#147 Warning
Asynchronous driver check  
DSP system_i/ui_awb_1_3v_0/inst/R_new_r20 input pin system_i/ui_awb_1_3v_0/inst/R_new_r20/A[15] is connected to registers with an asynchronous reset. This is preventing the possibility of merging these registers in to the DSP Block since the DSP block registers only possess synchronous reset capability.  It is suggested to recode or change these registers to remove the reset or use a synchronous reset to get the best optimization for performance, power and area.
Related violations: <none>

DPIR-1#148 Warning
Asynchronous driver check  
DSP system_i/ui_awb_1_3v_0/inst/R_new_r20 input pin system_i/ui_awb_1_3v_0/inst/R_new_r20/A[16] is connected to registers with an asynchronous reset. This is preventing the possibility of merging these registers in to the DSP Block since the DSP block registers only possess synchronous reset capability.  It is suggested to recode or change these registers to remove the reset or use a synchronous reset to get the best optimization for performance, power and area.
Related violations: <none>

DPIR-1#149 Warning
Asynchronous driver check  
DSP system_i/ui_awb_1_3v_0/inst/R_new_r20 input pin system_i/ui_awb_1_3v_0/inst/R_new_r20/A[17] is connected to registers with an asynchronous reset. This is preventing the possibility of merging these registers in to the DSP Block since the DSP block registers only possess synchronous reset capability.  It is suggested to recode or change these registers to remove the reset or use a synchronous reset to get the best optimization for performance, power and area.
Related violations: <none>

DPIR-1#150 Warning
Asynchronous driver check  
DSP system_i/ui_awb_1_3v_0/inst/R_new_r20 input pin system_i/ui_awb_1_3v_0/inst/R_new_r20/A[18] is connected to registers with an asynchronous reset. This is preventing the possibility of merging these registers in to the DSP Block since the DSP block registers only possess synchronous reset capability.  It is suggested to recode or change these registers to remove the reset or use a synchronous reset to get the best optimization for performance, power and area.
Related violations: <none>

DPIR-1#151 Warning
Asynchronous driver check  
DSP system_i/ui_awb_1_3v_0/inst/R_new_r20 input pin system_i/ui_awb_1_3v_0/inst/R_new_r20/A[19] is connected to registers with an asynchronous reset. This is preventing the possibility of merging these registers in to the DSP Block since the DSP block registers only possess synchronous reset capability.  It is suggested to recode or change these registers to remove the reset or use a synchronous reset to get the best optimization for performance, power and area.
Related violations: <none>

DPIR-1#152 Warning
Asynchronous driver check  
DSP system_i/ui_awb_1_3v_0/inst/R_new_r20 input pin system_i/ui_awb_1_3v_0/inst/R_new_r20/A[1] is connected to registers with an asynchronous reset. This is preventing the possibility of merging these registers in to the DSP Block since the DSP block registers only possess synchronous reset capability.  It is suggested to recode or change these registers to remove the reset or use a synchronous reset to get the best optimization for performance, power and area.
Related violations: <none>

DPIR-1#153 Warning
Asynchronous driver check  
DSP system_i/ui_awb_1_3v_0/inst/R_new_r20 input pin system_i/ui_awb_1_3v_0/inst/R_new_r20/A[2] is connected to registers with an asynchronous reset. This is preventing the possibility of merging these registers in to the DSP Block since the DSP block registers only possess synchronous reset capability.  It is suggested to recode or change these registers to remove the reset or use a synchronous reset to get the best optimization for performance, power and area.
Related violations: <none>

DPIR-1#154 Warning
Asynchronous driver check  
DSP system_i/ui_awb_1_3v_0/inst/R_new_r20 input pin system_i/ui_awb_1_3v_0/inst/R_new_r20/A[3] is connected to registers with an asynchronous reset. This is preventing the possibility of merging these registers in to the DSP Block since the DSP block registers only possess synchronous reset capability.  It is suggested to recode or change these registers to remove the reset or use a synchronous reset to get the best optimization for performance, power and area.
Related violations: <none>

DPIR-1#155 Warning
Asynchronous driver check  
DSP system_i/ui_awb_1_3v_0/inst/R_new_r20 input pin system_i/ui_awb_1_3v_0/inst/R_new_r20/A[4] is connected to registers with an asynchronous reset. This is preventing the possibility of merging these registers in to the DSP Block since the DSP block registers only possess synchronous reset capability.  It is suggested to recode or change these registers to remove the reset or use a synchronous reset to get the best optimization for performance, power and area.
Related violations: <none>

DPIR-1#156 Warning
Asynchronous driver check  
DSP system_i/ui_awb_1_3v_0/inst/R_new_r20 input pin system_i/ui_awb_1_3v_0/inst/R_new_r20/A[5] is connected to registers with an asynchronous reset. This is preventing the possibility of merging these registers in to the DSP Block since the DSP block registers only possess synchronous reset capability.  It is suggested to recode or change these registers to remove the reset or use a synchronous reset to get the best optimization for performance, power and area.
Related violations: <none>

DPIR-1#157 Warning
Asynchronous driver check  
DSP system_i/ui_awb_1_3v_0/inst/R_new_r20 input pin system_i/ui_awb_1_3v_0/inst/R_new_r20/A[6] is connected to registers with an asynchronous reset. This is preventing the possibility of merging these registers in to the DSP Block since the DSP block registers only possess synchronous reset capability.  It is suggested to recode or change these registers to remove the reset or use a synchronous reset to get the best optimization for performance, power and area.
Related violations: <none>

DPIR-1#158 Warning
Asynchronous driver check  
DSP system_i/ui_awb_1_3v_0/inst/R_new_r20 input pin system_i/ui_awb_1_3v_0/inst/R_new_r20/A[7] is connected to registers with an asynchronous reset. This is preventing the possibility of merging these registers in to the DSP Block since the DSP block registers only possess synchronous reset capability.  It is suggested to recode or change these registers to remove the reset or use a synchronous reset to get the best optimization for performance, power and area.
Related violations: <none>

DPIR-1#159 Warning
Asynchronous driver check  
DSP system_i/ui_awb_1_3v_0/inst/R_new_r20 input pin system_i/ui_awb_1_3v_0/inst/R_new_r20/A[8] is connected to registers with an asynchronous reset. This is preventing the possibility of merging these registers in to the DSP Block since the DSP block registers only possess synchronous reset capability.  It is suggested to recode or change these registers to remove the reset or use a synchronous reset to get the best optimization for performance, power and area.
Related violations: <none>

DPIR-1#160 Warning
Asynchronous driver check  
DSP system_i/ui_awb_1_3v_0/inst/R_new_r20 input pin system_i/ui_awb_1_3v_0/inst/R_new_r20/A[9] is connected to registers with an asynchronous reset. This is preventing the possibility of merging these registers in to the DSP Block since the DSP block registers only possess synchronous reset capability.  It is suggested to recode or change these registers to remove the reset or use a synchronous reset to get the best optimization for performance, power and area.
Related violations: <none>

DPIR-1#161 Warning
Asynchronous driver check  
DSP system_i/ui_awb_1_3v_0/inst/R_new_r20 input pin system_i/ui_awb_1_3v_0/inst/R_new_r20/B[0] is connected to registers with an asynchronous reset. This is preventing the possibility of merging these registers in to the DSP Block since the DSP block registers only possess synchronous reset capability.  It is suggested to recode or change these registers to remove the reset or use a synchronous reset to get the best optimization for performance, power and area.
Related violations: <none>

DPIR-1#162 Warning
Asynchronous driver check  
DSP system_i/ui_awb_1_3v_0/inst/R_new_r20 input pin system_i/ui_awb_1_3v_0/inst/R_new_r20/B[1] is connected to registers with an asynchronous reset. This is preventing the possibility of merging these registers in to the DSP Block since the DSP block registers only possess synchronous reset capability.  It is suggested to recode or change these registers to remove the reset or use a synchronous reset to get the best optimization for performance, power and area.
Related violations: <none>

DPIR-1#163 Warning
Asynchronous driver check  
DSP system_i/ui_awb_1_3v_0/inst/R_new_r20 input pin system_i/ui_awb_1_3v_0/inst/R_new_r20/B[2] is connected to registers with an asynchronous reset. This is preventing the possibility of merging these registers in to the DSP Block since the DSP block registers only possess synchronous reset capability.  It is suggested to recode or change these registers to remove the reset or use a synchronous reset to get the best optimization for performance, power and area.
Related violations: <none>

DPIR-1#164 Warning
Asynchronous driver check  
DSP system_i/ui_awb_1_3v_0/inst/R_new_r20 input pin system_i/ui_awb_1_3v_0/inst/R_new_r20/B[3] is connected to registers with an asynchronous reset. This is preventing the possibility of merging these registers in to the DSP Block since the DSP block registers only possess synchronous reset capability.  It is suggested to recode or change these registers to remove the reset or use a synchronous reset to get the best optimization for performance, power and area.
Related violations: <none>

DPIR-1#165 Warning
Asynchronous driver check  
DSP system_i/ui_awb_1_3v_0/inst/R_new_r20 input pin system_i/ui_awb_1_3v_0/inst/R_new_r20/B[4] is connected to registers with an asynchronous reset. This is preventing the possibility of merging these registers in to the DSP Block since the DSP block registers only possess synchronous reset capability.  It is suggested to recode or change these registers to remove the reset or use a synchronous reset to get the best optimization for performance, power and area.
Related violations: <none>

DPIR-1#166 Warning
Asynchronous driver check  
DSP system_i/ui_awb_1_3v_0/inst/R_new_r20 input pin system_i/ui_awb_1_3v_0/inst/R_new_r20/B[5] is connected to registers with an asynchronous reset. This is preventing the possibility of merging these registers in to the DSP Block since the DSP block registers only possess synchronous reset capability.  It is suggested to recode or change these registers to remove the reset or use a synchronous reset to get the best optimization for performance, power and area.
Related violations: <none>

DPIR-1#167 Warning
Asynchronous driver check  
DSP system_i/ui_awb_1_3v_0/inst/R_new_r20 input pin system_i/ui_awb_1_3v_0/inst/R_new_r20/B[6] is connected to registers with an asynchronous reset. This is preventing the possibility of merging these registers in to the DSP Block since the DSP block registers only possess synchronous reset capability.  It is suggested to recode or change these registers to remove the reset or use a synchronous reset to get the best optimization for performance, power and area.
Related violations: <none>

DPIR-1#168 Warning
Asynchronous driver check  
DSP system_i/ui_awb_1_3v_0/inst/R_new_r20 input pin system_i/ui_awb_1_3v_0/inst/R_new_r20/B[7] is connected to registers with an asynchronous reset. This is preventing the possibility of merging these registers in to the DSP Block since the DSP block registers only possess synchronous reset capability.  It is suggested to recode or change these registers to remove the reset or use a synchronous reset to get the best optimization for performance, power and area.
Related violations: <none>

DPIR-1#169 Warning
Asynchronous driver check  
DSP system_i/ui_awb_1_3v_0/inst/R_new_r30 input pin system_i/ui_awb_1_3v_0/inst/R_new_r30/A[0] is connected to registers with an asynchronous reset. This is preventing the possibility of merging these registers in to the DSP Block since the DSP block registers only possess synchronous reset capability.  It is suggested to recode or change these registers to remove the reset or use a synchronous reset to get the best optimization for performance, power and area.
Related violations: <none>

DPIR-1#170 Warning
Asynchronous driver check  
DSP system_i/ui_awb_1_3v_0/inst/R_new_r30 input pin system_i/ui_awb_1_3v_0/inst/R_new_r30/A[10] is connected to registers with an asynchronous reset. This is preventing the possibility of merging these registers in to the DSP Block since the DSP block registers only possess synchronous reset capability.  It is suggested to recode or change these registers to remove the reset or use a synchronous reset to get the best optimization for performance, power and area.
Related violations: <none>

DPIR-1#171 Warning
Asynchronous driver check  
DSP system_i/ui_awb_1_3v_0/inst/R_new_r30 input pin system_i/ui_awb_1_3v_0/inst/R_new_r30/A[11] is connected to registers with an asynchronous reset. This is preventing the possibility of merging these registers in to the DSP Block since the DSP block registers only possess synchronous reset capability.  It is suggested to recode or change these registers to remove the reset or use a synchronous reset to get the best optimization for performance, power and area.
Related violations: <none>

DPIR-1#172 Warning
Asynchronous driver check  
DSP system_i/ui_awb_1_3v_0/inst/R_new_r30 input pin system_i/ui_awb_1_3v_0/inst/R_new_r30/A[12] is connected to registers with an asynchronous reset. This is preventing the possibility of merging these registers in to the DSP Block since the DSP block registers only possess synchronous reset capability.  It is suggested to recode or change these registers to remove the reset or use a synchronous reset to get the best optimization for performance, power and area.
Related violations: <none>

DPIR-1#173 Warning
Asynchronous driver check  
DSP system_i/ui_awb_1_3v_0/inst/R_new_r30 input pin system_i/ui_awb_1_3v_0/inst/R_new_r30/A[13] is connected to registers with an asynchronous reset. This is preventing the possibility of merging these registers in to the DSP Block since the DSP block registers only possess synchronous reset capability.  It is suggested to recode or change these registers to remove the reset or use a synchronous reset to get the best optimization for performance, power and area.
Related violations: <none>

DPIR-1#174 Warning
Asynchronous driver check  
DSP system_i/ui_awb_1_3v_0/inst/R_new_r30 input pin system_i/ui_awb_1_3v_0/inst/R_new_r30/A[14] is connected to registers with an asynchronous reset. This is preventing the possibility of merging these registers in to the DSP Block since the DSP block registers only possess synchronous reset capability.  It is suggested to recode or change these registers to remove the reset or use a synchronous reset to get the best optimization for performance, power and area.
Related violations: <none>

DPIR-1#175 Warning
Asynchronous driver check  
DSP system_i/ui_awb_1_3v_0/inst/R_new_r30 input pin system_i/ui_awb_1_3v_0/inst/R_new_r30/A[15] is connected to registers with an asynchronous reset. This is preventing the possibility of merging these registers in to the DSP Block since the DSP block registers only possess synchronous reset capability.  It is suggested to recode or change these registers to remove the reset or use a synchronous reset to get the best optimization for performance, power and area.
Related violations: <none>

DPIR-1#176 Warning
Asynchronous driver check  
DSP system_i/ui_awb_1_3v_0/inst/R_new_r30 input pin system_i/ui_awb_1_3v_0/inst/R_new_r30/A[16] is connected to registers with an asynchronous reset. This is preventing the possibility of merging these registers in to the DSP Block since the DSP block registers only possess synchronous reset capability.  It is suggested to recode or change these registers to remove the reset or use a synchronous reset to get the best optimization for performance, power and area.
Related violations: <none>

DPIR-1#177 Warning
Asynchronous driver check  
DSP system_i/ui_awb_1_3v_0/inst/R_new_r30 input pin system_i/ui_awb_1_3v_0/inst/R_new_r30/A[17] is connected to registers with an asynchronous reset. This is preventing the possibility of merging these registers in to the DSP Block since the DSP block registers only possess synchronous reset capability.  It is suggested to recode or change these registers to remove the reset or use a synchronous reset to get the best optimization for performance, power and area.
Related violations: <none>

DPIR-1#178 Warning
Asynchronous driver check  
DSP system_i/ui_awb_1_3v_0/inst/R_new_r30 input pin system_i/ui_awb_1_3v_0/inst/R_new_r30/A[18] is connected to registers with an asynchronous reset. This is preventing the possibility of merging these registers in to the DSP Block since the DSP block registers only possess synchronous reset capability.  It is suggested to recode or change these registers to remove the reset or use a synchronous reset to get the best optimization for performance, power and area.
Related violations: <none>

DPIR-1#179 Warning
Asynchronous driver check  
DSP system_i/ui_awb_1_3v_0/inst/R_new_r30 input pin system_i/ui_awb_1_3v_0/inst/R_new_r30/A[19] is connected to registers with an asynchronous reset. This is preventing the possibility of merging these registers in to the DSP Block since the DSP block registers only possess synchronous reset capability.  It is suggested to recode or change these registers to remove the reset or use a synchronous reset to get the best optimization for performance, power and area.
Related violations: <none>

DPIR-1#180 Warning
Asynchronous driver check  
DSP system_i/ui_awb_1_3v_0/inst/R_new_r30 input pin system_i/ui_awb_1_3v_0/inst/R_new_r30/A[1] is connected to registers with an asynchronous reset. This is preventing the possibility of merging these registers in to the DSP Block since the DSP block registers only possess synchronous reset capability.  It is suggested to recode or change these registers to remove the reset or use a synchronous reset to get the best optimization for performance, power and area.
Related violations: <none>

DPIR-1#181 Warning
Asynchronous driver check  
DSP system_i/ui_awb_1_3v_0/inst/R_new_r30 input pin system_i/ui_awb_1_3v_0/inst/R_new_r30/A[2] is connected to registers with an asynchronous reset. This is preventing the possibility of merging these registers in to the DSP Block since the DSP block registers only possess synchronous reset capability.  It is suggested to recode or change these registers to remove the reset or use a synchronous reset to get the best optimization for performance, power and area.
Related violations: <none>

DPIR-1#182 Warning
Asynchronous driver check  
DSP system_i/ui_awb_1_3v_0/inst/R_new_r30 input pin system_i/ui_awb_1_3v_0/inst/R_new_r30/A[3] is connected to registers with an asynchronous reset. This is preventing the possibility of merging these registers in to the DSP Block since the DSP block registers only possess synchronous reset capability.  It is suggested to recode or change these registers to remove the reset or use a synchronous reset to get the best optimization for performance, power and area.
Related violations: <none>

DPIR-1#183 Warning
Asynchronous driver check  
DSP system_i/ui_awb_1_3v_0/inst/R_new_r30 input pin system_i/ui_awb_1_3v_0/inst/R_new_r30/A[4] is connected to registers with an asynchronous reset. This is preventing the possibility of merging these registers in to the DSP Block since the DSP block registers only possess synchronous reset capability.  It is suggested to recode or change these registers to remove the reset or use a synchronous reset to get the best optimization for performance, power and area.
Related violations: <none>

DPIR-1#184 Warning
Asynchronous driver check  
DSP system_i/ui_awb_1_3v_0/inst/R_new_r30 input pin system_i/ui_awb_1_3v_0/inst/R_new_r30/A[5] is connected to registers with an asynchronous reset. This is preventing the possibility of merging these registers in to the DSP Block since the DSP block registers only possess synchronous reset capability.  It is suggested to recode or change these registers to remove the reset or use a synchronous reset to get the best optimization for performance, power and area.
Related violations: <none>

DPIR-1#185 Warning
Asynchronous driver check  
DSP system_i/ui_awb_1_3v_0/inst/R_new_r30 input pin system_i/ui_awb_1_3v_0/inst/R_new_r30/A[6] is connected to registers with an asynchronous reset. This is preventing the possibility of merging these registers in to the DSP Block since the DSP block registers only possess synchronous reset capability.  It is suggested to recode or change these registers to remove the reset or use a synchronous reset to get the best optimization for performance, power and area.
Related violations: <none>

DPIR-1#186 Warning
Asynchronous driver check  
DSP system_i/ui_awb_1_3v_0/inst/R_new_r30 input pin system_i/ui_awb_1_3v_0/inst/R_new_r30/A[7] is connected to registers with an asynchronous reset. This is preventing the possibility of merging these registers in to the DSP Block since the DSP block registers only possess synchronous reset capability.  It is suggested to recode or change these registers to remove the reset or use a synchronous reset to get the best optimization for performance, power and area.
Related violations: <none>

DPIR-1#187 Warning
Asynchronous driver check  
DSP system_i/ui_awb_1_3v_0/inst/R_new_r30 input pin system_i/ui_awb_1_3v_0/inst/R_new_r30/A[8] is connected to registers with an asynchronous reset. This is preventing the possibility of merging these registers in to the DSP Block since the DSP block registers only possess synchronous reset capability.  It is suggested to recode or change these registers to remove the reset or use a synchronous reset to get the best optimization for performance, power and area.
Related violations: <none>

DPIR-1#188 Warning
Asynchronous driver check  
DSP system_i/ui_awb_1_3v_0/inst/R_new_r30 input pin system_i/ui_awb_1_3v_0/inst/R_new_r30/A[9] is connected to registers with an asynchronous reset. This is preventing the possibility of merging these registers in to the DSP Block since the DSP block registers only possess synchronous reset capability.  It is suggested to recode or change these registers to remove the reset or use a synchronous reset to get the best optimization for performance, power and area.
Related violations: <none>

DPIR-1#189 Warning
Asynchronous driver check  
DSP system_i/ui_awb_1_3v_0/inst/R_new_r30 input pin system_i/ui_awb_1_3v_0/inst/R_new_r30/B[0] is connected to registers with an asynchronous reset. This is preventing the possibility of merging these registers in to the DSP Block since the DSP block registers only possess synchronous reset capability.  It is suggested to recode or change these registers to remove the reset or use a synchronous reset to get the best optimization for performance, power and area.
Related violations: <none>

DPIR-1#190 Warning
Asynchronous driver check  
DSP system_i/ui_awb_1_3v_0/inst/R_new_r30 input pin system_i/ui_awb_1_3v_0/inst/R_new_r30/B[1] is connected to registers with an asynchronous reset. This is preventing the possibility of merging these registers in to the DSP Block since the DSP block registers only possess synchronous reset capability.  It is suggested to recode or change these registers to remove the reset or use a synchronous reset to get the best optimization for performance, power and area.
Related violations: <none>

DPIR-1#191 Warning
Asynchronous driver check  
DSP system_i/ui_awb_1_3v_0/inst/R_new_r30 input pin system_i/ui_awb_1_3v_0/inst/R_new_r30/B[2] is connected to registers with an asynchronous reset. This is preventing the possibility of merging these registers in to the DSP Block since the DSP block registers only possess synchronous reset capability.  It is suggested to recode or change these registers to remove the reset or use a synchronous reset to get the best optimization for performance, power and area.
Related violations: <none>

DPIR-1#192 Warning
Asynchronous driver check  
DSP system_i/ui_awb_1_3v_0/inst/R_new_r30 input pin system_i/ui_awb_1_3v_0/inst/R_new_r30/B[3] is connected to registers with an asynchronous reset. This is preventing the possibility of merging these registers in to the DSP Block since the DSP block registers only possess synchronous reset capability.  It is suggested to recode or change these registers to remove the reset or use a synchronous reset to get the best optimization for performance, power and area.
Related violations: <none>

DPIR-1#193 Warning
Asynchronous driver check  
DSP system_i/ui_awb_1_3v_0/inst/R_new_r30 input pin system_i/ui_awb_1_3v_0/inst/R_new_r30/B[4] is connected to registers with an asynchronous reset. This is preventing the possibility of merging these registers in to the DSP Block since the DSP block registers only possess synchronous reset capability.  It is suggested to recode or change these registers to remove the reset or use a synchronous reset to get the best optimization for performance, power and area.
Related violations: <none>

DPIR-1#194 Warning
Asynchronous driver check  
DSP system_i/ui_awb_1_3v_0/inst/R_new_r30 input pin system_i/ui_awb_1_3v_0/inst/R_new_r30/B[5] is connected to registers with an asynchronous reset. This is preventing the possibility of merging these registers in to the DSP Block since the DSP block registers only possess synchronous reset capability.  It is suggested to recode or change these registers to remove the reset or use a synchronous reset to get the best optimization for performance, power and area.
Related violations: <none>

DPIR-1#195 Warning
Asynchronous driver check  
DSP system_i/ui_awb_1_3v_0/inst/R_new_r30 input pin system_i/ui_awb_1_3v_0/inst/R_new_r30/B[6] is connected to registers with an asynchronous reset. This is preventing the possibility of merging these registers in to the DSP Block since the DSP block registers only possess synchronous reset capability.  It is suggested to recode or change these registers to remove the reset or use a synchronous reset to get the best optimization for performance, power and area.
Related violations: <none>

DPIR-1#196 Warning
Asynchronous driver check  
DSP system_i/ui_awb_1_3v_0/inst/R_new_r30 input pin system_i/ui_awb_1_3v_0/inst/R_new_r30/B[7] is connected to registers with an asynchronous reset. This is preventing the possibility of merging these registers in to the DSP Block since the DSP block registers only possess synchronous reset capability.  It is suggested to recode or change these registers to remove the reset or use a synchronous reset to get the best optimization for performance, power and area.
Related violations: <none>

DPIR-1#197 Warning
Asynchronous driver check  
DSP system_i/ui_awb_1_3v_0/inst/R_new_r40 input pin system_i/ui_awb_1_3v_0/inst/R_new_r40/A[0] is connected to registers with an asynchronous reset. This is preventing the possibility of merging these registers in to the DSP Block since the DSP block registers only possess synchronous reset capability.  It is suggested to recode or change these registers to remove the reset or use a synchronous reset to get the best optimization for performance, power and area.
Related violations: <none>

DPIR-1#198 Warning
Asynchronous driver check  
DSP system_i/ui_awb_1_3v_0/inst/R_new_r40 input pin system_i/ui_awb_1_3v_0/inst/R_new_r40/A[10] is connected to registers with an asynchronous reset. This is preventing the possibility of merging these registers in to the DSP Block since the DSP block registers only possess synchronous reset capability.  It is suggested to recode or change these registers to remove the reset or use a synchronous reset to get the best optimization for performance, power and area.
Related violations: <none>

DPIR-1#199 Warning
Asynchronous driver check  
DSP system_i/ui_awb_1_3v_0/inst/R_new_r40 input pin system_i/ui_awb_1_3v_0/inst/R_new_r40/A[11] is connected to registers with an asynchronous reset. This is preventing the possibility of merging these registers in to the DSP Block since the DSP block registers only possess synchronous reset capability.  It is suggested to recode or change these registers to remove the reset or use a synchronous reset to get the best optimization for performance, power and area.
Related violations: <none>

DPIR-1#200 Warning
Asynchronous driver check  
DSP system_i/ui_awb_1_3v_0/inst/R_new_r40 input pin system_i/ui_awb_1_3v_0/inst/R_new_r40/A[12] is connected to registers with an asynchronous reset. This is preventing the possibility of merging these registers in to the DSP Block since the DSP block registers only possess synchronous reset capability.  It is suggested to recode or change these registers to remove the reset or use a synchronous reset to get the best optimization for performance, power and area.
Related violations: <none>

DPIR-1#201 Warning
Asynchronous driver check  
DSP system_i/ui_awb_1_3v_0/inst/R_new_r40 input pin system_i/ui_awb_1_3v_0/inst/R_new_r40/A[13] is connected to registers with an asynchronous reset. This is preventing the possibility of merging these registers in to the DSP Block since the DSP block registers only possess synchronous reset capability.  It is suggested to recode or change these registers to remove the reset or use a synchronous reset to get the best optimization for performance, power and area.
Related violations: <none>

DPIR-1#202 Warning
Asynchronous driver check  
DSP system_i/ui_awb_1_3v_0/inst/R_new_r40 input pin system_i/ui_awb_1_3v_0/inst/R_new_r40/A[14] is connected to registers with an asynchronous reset. This is preventing the possibility of merging these registers in to the DSP Block since the DSP block registers only possess synchronous reset capability.  It is suggested to recode or change these registers to remove the reset or use a synchronous reset to get the best optimization for performance, power and area.
Related violations: <none>

DPIR-1#203 Warning
Asynchronous driver check  
DSP system_i/ui_awb_1_3v_0/inst/R_new_r40 input pin system_i/ui_awb_1_3v_0/inst/R_new_r40/A[15] is connected to registers with an asynchronous reset. This is preventing the possibility of merging these registers in to the DSP Block since the DSP block registers only possess synchronous reset capability.  It is suggested to recode or change these registers to remove the reset or use a synchronous reset to get the best optimization for performance, power and area.
Related violations: <none>

DPIR-1#204 Warning
Asynchronous driver check  
DSP system_i/ui_awb_1_3v_0/inst/R_new_r40 input pin system_i/ui_awb_1_3v_0/inst/R_new_r40/A[16] is connected to registers with an asynchronous reset. This is preventing the possibility of merging these registers in to the DSP Block since the DSP block registers only possess synchronous reset capability.  It is suggested to recode or change these registers to remove the reset or use a synchronous reset to get the best optimization for performance, power and area.
Related violations: <none>

DPIR-1#205 Warning
Asynchronous driver check  
DSP system_i/ui_awb_1_3v_0/inst/R_new_r40 input pin system_i/ui_awb_1_3v_0/inst/R_new_r40/A[17] is connected to registers with an asynchronous reset. This is preventing the possibility of merging these registers in to the DSP Block since the DSP block registers only possess synchronous reset capability.  It is suggested to recode or change these registers to remove the reset or use a synchronous reset to get the best optimization for performance, power and area.
Related violations: <none>

DPIR-1#206 Warning
Asynchronous driver check  
DSP system_i/ui_awb_1_3v_0/inst/R_new_r40 input pin system_i/ui_awb_1_3v_0/inst/R_new_r40/A[18] is connected to registers with an asynchronous reset. This is preventing the possibility of merging these registers in to the DSP Block since the DSP block registers only possess synchronous reset capability.  It is suggested to recode or change these registers to remove the reset or use a synchronous reset to get the best optimization for performance, power and area.
Related violations: <none>

DPIR-1#207 Warning
Asynchronous driver check  
DSP system_i/ui_awb_1_3v_0/inst/R_new_r40 input pin system_i/ui_awb_1_3v_0/inst/R_new_r40/A[19] is connected to registers with an asynchronous reset. This is preventing the possibility of merging these registers in to the DSP Block since the DSP block registers only possess synchronous reset capability.  It is suggested to recode or change these registers to remove the reset or use a synchronous reset to get the best optimization for performance, power and area.
Related violations: <none>

DPIR-1#208 Warning
Asynchronous driver check  
DSP system_i/ui_awb_1_3v_0/inst/R_new_r40 input pin system_i/ui_awb_1_3v_0/inst/R_new_r40/A[1] is connected to registers with an asynchronous reset. This is preventing the possibility of merging these registers in to the DSP Block since the DSP block registers only possess synchronous reset capability.  It is suggested to recode or change these registers to remove the reset or use a synchronous reset to get the best optimization for performance, power and area.
Related violations: <none>

DPIR-1#209 Warning
Asynchronous driver check  
DSP system_i/ui_awb_1_3v_0/inst/R_new_r40 input pin system_i/ui_awb_1_3v_0/inst/R_new_r40/A[2] is connected to registers with an asynchronous reset. This is preventing the possibility of merging these registers in to the DSP Block since the DSP block registers only possess synchronous reset capability.  It is suggested to recode or change these registers to remove the reset or use a synchronous reset to get the best optimization for performance, power and area.
Related violations: <none>

DPIR-1#210 Warning
Asynchronous driver check  
DSP system_i/ui_awb_1_3v_0/inst/R_new_r40 input pin system_i/ui_awb_1_3v_0/inst/R_new_r40/A[3] is connected to registers with an asynchronous reset. This is preventing the possibility of merging these registers in to the DSP Block since the DSP block registers only possess synchronous reset capability.  It is suggested to recode or change these registers to remove the reset or use a synchronous reset to get the best optimization for performance, power and area.
Related violations: <none>

DPIR-1#211 Warning
Asynchronous driver check  
DSP system_i/ui_awb_1_3v_0/inst/R_new_r40 input pin system_i/ui_awb_1_3v_0/inst/R_new_r40/A[4] is connected to registers with an asynchronous reset. This is preventing the possibility of merging these registers in to the DSP Block since the DSP block registers only possess synchronous reset capability.  It is suggested to recode or change these registers to remove the reset or use a synchronous reset to get the best optimization for performance, power and area.
Related violations: <none>

DPIR-1#212 Warning
Asynchronous driver check  
DSP system_i/ui_awb_1_3v_0/inst/R_new_r40 input pin system_i/ui_awb_1_3v_0/inst/R_new_r40/A[5] is connected to registers with an asynchronous reset. This is preventing the possibility of merging these registers in to the DSP Block since the DSP block registers only possess synchronous reset capability.  It is suggested to recode or change these registers to remove the reset or use a synchronous reset to get the best optimization for performance, power and area.
Related violations: <none>

DPIR-1#213 Warning
Asynchronous driver check  
DSP system_i/ui_awb_1_3v_0/inst/R_new_r40 input pin system_i/ui_awb_1_3v_0/inst/R_new_r40/A[6] is connected to registers with an asynchronous reset. This is preventing the possibility of merging these registers in to the DSP Block since the DSP block registers only possess synchronous reset capability.  It is suggested to recode or change these registers to remove the reset or use a synchronous reset to get the best optimization for performance, power and area.
Related violations: <none>

DPIR-1#214 Warning
Asynchronous driver check  
DSP system_i/ui_awb_1_3v_0/inst/R_new_r40 input pin system_i/ui_awb_1_3v_0/inst/R_new_r40/A[7] is connected to registers with an asynchronous reset. This is preventing the possibility of merging these registers in to the DSP Block since the DSP block registers only possess synchronous reset capability.  It is suggested to recode or change these registers to remove the reset or use a synchronous reset to get the best optimization for performance, power and area.
Related violations: <none>

DPIR-1#215 Warning
Asynchronous driver check  
DSP system_i/ui_awb_1_3v_0/inst/R_new_r40 input pin system_i/ui_awb_1_3v_0/inst/R_new_r40/A[8] is connected to registers with an asynchronous reset. This is preventing the possibility of merging these registers in to the DSP Block since the DSP block registers only possess synchronous reset capability.  It is suggested to recode or change these registers to remove the reset or use a synchronous reset to get the best optimization for performance, power and area.
Related violations: <none>

DPIR-1#216 Warning
Asynchronous driver check  
DSP system_i/ui_awb_1_3v_0/inst/R_new_r40 input pin system_i/ui_awb_1_3v_0/inst/R_new_r40/A[9] is connected to registers with an asynchronous reset. This is preventing the possibility of merging these registers in to the DSP Block since the DSP block registers only possess synchronous reset capability.  It is suggested to recode or change these registers to remove the reset or use a synchronous reset to get the best optimization for performance, power and area.
Related violations: <none>

DPIR-1#217 Warning
Asynchronous driver check  
DSP system_i/ui_awb_1_3v_0/inst/R_new_r40 input pin system_i/ui_awb_1_3v_0/inst/R_new_r40/B[0] is connected to registers with an asynchronous reset. This is preventing the possibility of merging these registers in to the DSP Block since the DSP block registers only possess synchronous reset capability.  It is suggested to recode or change these registers to remove the reset or use a synchronous reset to get the best optimization for performance, power and area.
Related violations: <none>

DPIR-1#218 Warning
Asynchronous driver check  
DSP system_i/ui_awb_1_3v_0/inst/R_new_r40 input pin system_i/ui_awb_1_3v_0/inst/R_new_r40/B[1] is connected to registers with an asynchronous reset. This is preventing the possibility of merging these registers in to the DSP Block since the DSP block registers only possess synchronous reset capability.  It is suggested to recode or change these registers to remove the reset or use a synchronous reset to get the best optimization for performance, power and area.
Related violations: <none>

DPIR-1#219 Warning
Asynchronous driver check  
DSP system_i/ui_awb_1_3v_0/inst/R_new_r40 input pin system_i/ui_awb_1_3v_0/inst/R_new_r40/B[2] is connected to registers with an asynchronous reset. This is preventing the possibility of merging these registers in to the DSP Block since the DSP block registers only possess synchronous reset capability.  It is suggested to recode or change these registers to remove the reset or use a synchronous reset to get the best optimization for performance, power and area.
Related violations: <none>

DPIR-1#220 Warning
Asynchronous driver check  
DSP system_i/ui_awb_1_3v_0/inst/R_new_r40 input pin system_i/ui_awb_1_3v_0/inst/R_new_r40/B[3] is connected to registers with an asynchronous reset. This is preventing the possibility of merging these registers in to the DSP Block since the DSP block registers only possess synchronous reset capability.  It is suggested to recode or change these registers to remove the reset or use a synchronous reset to get the best optimization for performance, power and area.
Related violations: <none>

DPIR-1#221 Warning
Asynchronous driver check  
DSP system_i/ui_awb_1_3v_0/inst/R_new_r40 input pin system_i/ui_awb_1_3v_0/inst/R_new_r40/B[4] is connected to registers with an asynchronous reset. This is preventing the possibility of merging these registers in to the DSP Block since the DSP block registers only possess synchronous reset capability.  It is suggested to recode or change these registers to remove the reset or use a synchronous reset to get the best optimization for performance, power and area.
Related violations: <none>

DPIR-1#222 Warning
Asynchronous driver check  
DSP system_i/ui_awb_1_3v_0/inst/R_new_r40 input pin system_i/ui_awb_1_3v_0/inst/R_new_r40/B[5] is connected to registers with an asynchronous reset. This is preventing the possibility of merging these registers in to the DSP Block since the DSP block registers only possess synchronous reset capability.  It is suggested to recode or change these registers to remove the reset or use a synchronous reset to get the best optimization for performance, power and area.
Related violations: <none>

DPIR-1#223 Warning
Asynchronous driver check  
DSP system_i/ui_awb_1_3v_0/inst/R_new_r40 input pin system_i/ui_awb_1_3v_0/inst/R_new_r40/B[6] is connected to registers with an asynchronous reset. This is preventing the possibility of merging these registers in to the DSP Block since the DSP block registers only possess synchronous reset capability.  It is suggested to recode or change these registers to remove the reset or use a synchronous reset to get the best optimization for performance, power and area.
Related violations: <none>

DPIR-1#224 Warning
Asynchronous driver check  
DSP system_i/ui_awb_1_3v_0/inst/R_new_r40 input pin system_i/ui_awb_1_3v_0/inst/R_new_r40/B[7] is connected to registers with an asynchronous reset. This is preventing the possibility of merging these registers in to the DSP Block since the DSP block registers only possess synchronous reset capability.  It is suggested to recode or change these registers to remove the reset or use a synchronous reset to get the best optimization for performance, power and area.
Related violations: <none>

LUTAR-1#1 Warning
LUT drives async reset alert  
LUT cell system_i/axi_ethernet_0/inst/eth_buf/U0/COMBINE_RESETS/RESET2PCSPMA_INST_0, with 2 or more inputs, drives asynchronous preset/clear pin(s) system_i/axi_ethernet_0/inst/eth_buf/U0/COMBINE_RESETS/AXI_RESET_TO_RXCLIENT/ClkB_reset_inst/async_rst0_reg/PRE,
system_i/axi_ethernet_0/inst/eth_buf/U0/COMBINE_RESETS/AXI_RESET_TO_RXCLIENT/ClkB_reset_inst/async_rst1_reg/PRE,
system_i/axi_ethernet_0/inst/eth_buf/U0/COMBINE_RESETS/AXI_RESET_TO_RXCLIENT/ClkB_reset_inst/async_rst2_reg/PRE,
system_i/axi_ethernet_0/inst/eth_buf/U0/COMBINE_RESETS/AXI_RESET_TO_RXCLIENT/ClkB_reset_inst/async_rst3_reg/PRE,
system_i/axi_ethernet_0/inst/eth_buf/U0/COMBINE_RESETS/AXI_RESET_TO_RXCLIENT/ClkB_reset_inst/async_rst4_reg/PRE,
system_i/axi_ethernet_0/inst/eth_buf/U0/COMBINE_RESETS/AXI_RESET_TO_TXCLIENT/ClkB_reset_inst/async_rst0_reg/PRE,
system_i/axi_ethernet_0/inst/eth_buf/U0/COMBINE_RESETS/AXI_RESET_TO_TXCLIENT/ClkB_reset_inst/async_rst1_reg/PRE,
system_i/axi_ethernet_0/inst/eth_buf/U0/COMBINE_RESETS/AXI_RESET_TO_TXCLIENT/ClkB_reset_inst/async_rst2_reg/PRE,
system_i/axi_ethernet_0/inst/eth_buf/U0/COMBINE_RESETS/AXI_RESET_TO_TXCLIENT/ClkB_reset_inst/async_rst3_reg/PRE
system_i/axi_ethernet_0/inst/eth_buf/U0/COMBINE_RESETS/AXI_RESET_TO_TXCLIENT/ClkB_reset_inst/async_rst4_reg/PRE. The LUT may glitch and trigger an unexpected reset, even if it is a properly timed path.
Related violations: <none>

LUTAR-1#2 Warning
LUT drives async reset alert  
LUT cell system_i/axi_ethernet_0/inst/eth_buf/U0/COMBINE_RESETS/RESET2TEMACn_INST_0, with 2 or more inputs, drives asynchronous preset/clear pin(s) system_i/axi_ethernet_0/inst/mac/inst/tri_mode_ethernet_mac_i/bd_4bad_mac_0_core/sync_glbl_rstn_tx_clk/async_rst0_reg/CLR,
system_i/axi_ethernet_0/inst/mac/inst/tri_mode_ethernet_mac_i/bd_4bad_mac_0_core/sync_glbl_rstn_tx_clk/async_rst1_reg/CLR,
system_i/axi_ethernet_0/inst/mac/inst/tri_mode_ethernet_mac_i/bd_4bad_mac_0_core/sync_glbl_rstn_tx_clk/async_rst2_reg/CLR,
system_i/axi_ethernet_0/inst/mac/inst/tri_mode_ethernet_mac_i/bd_4bad_mac_0_core/sync_glbl_rstn_tx_clk/async_rst3_reg/CLR,
system_i/axi_ethernet_0/inst/mac/inst/tri_mode_ethernet_mac_i/bd_4bad_mac_0_core/sync_glbl_rstn_tx_clk/async_rst4_reg/CLR,
system_i/axi_ethernet_0/inst/mac/inst/tri_mode_ethernet_mac_i/bd_4bad_mac_0_core/sync_stats_reset/async_rst0_reg/PRE,
system_i/axi_ethernet_0/inst/mac/inst/tri_mode_ethernet_mac_i/bd_4bad_mac_0_core/sync_stats_reset/async_rst1_reg/PRE,
system_i/axi_ethernet_0/inst/mac/inst/tri_mode_ethernet_mac_i/bd_4bad_mac_0_core/sync_stats_reset/async_rst2_reg/PRE,
system_i/axi_ethernet_0/inst/mac/inst/tri_mode_ethernet_mac_i/bd_4bad_mac_0_core/sync_stats_reset/async_rst3_reg/PRE,
system_i/axi_ethernet_0/inst/mac/inst/tri_mode_ethernet_mac_i/bd_4bad_mac_0_core/sync_stats_reset/async_rst4_reg/PRE,
system_i/axi_ethernet_0/inst/mac/inst/tri_mode_ethernet_mac_i/bd_4bad_mac_0_core/sync_tx_axi_rstn_tx_clk/async_rst0_reg/CLR,
system_i/axi_ethernet_0/inst/mac/inst/tri_mode_ethernet_mac_i/bd_4bad_mac_0_core/sync_tx_axi_rstn_tx_clk/async_rst1_reg/CLR,
system_i/axi_ethernet_0/inst/mac/inst/tri_mode_ethernet_mac_i/bd_4bad_mac_0_core/sync_tx_axi_rstn_tx_clk/async_rst2_reg/CLR,
system_i/axi_ethernet_0/inst/mac/inst/tri_mode_ethernet_mac_i/bd_4bad_mac_0_core/sync_tx_axi_rstn_tx_clk/async_rst3_reg/CLR,
system_i/axi_ethernet_0/inst/mac/inst/tri_mode_ethernet_mac_i/bd_4bad_mac_0_core/sync_tx_axi_rstn_tx_clk/async_rst4_reg/CLR
 (the first 15 of 30 listed). The LUT may glitch and trigger an unexpected reset, even if it is a properly timed path.
Related violations: <none>

LUTAR-1#3 Warning
LUT drives async reset alert  
LUT cell system_i/axi_ethernet_0/inst/mac/inst/tri_mode_ethernet_mac_support_resets_i/gtx_mmcm_reset_gen_i_1, with 2 or more inputs, drives asynchronous preset/clear pin(s) system_i/axi_ethernet_0/inst/mac/inst/tri_mode_ethernet_mac_support_resets_i/gtx_mmcm_reset_gen/reset_sync0/PRE,
system_i/axi_ethernet_0/inst/mac/inst/tri_mode_ethernet_mac_support_resets_i/gtx_mmcm_reset_gen/reset_sync1/PRE,
system_i/axi_ethernet_0/inst/mac/inst/tri_mode_ethernet_mac_support_resets_i/gtx_mmcm_reset_gen/reset_sync2/PRE,
system_i/axi_ethernet_0/inst/mac/inst/tri_mode_ethernet_mac_support_resets_i/gtx_mmcm_reset_gen/reset_sync3/PRE
system_i/axi_ethernet_0/inst/mac/inst/tri_mode_ethernet_mac_support_resets_i/gtx_mmcm_reset_gen/reset_sync4/PRE. The LUT may glitch and trigger an unexpected reset, even if it is a properly timed path.
Related violations: <none>

LUTAR-1#4 Warning
LUT drives async reset alert  
LUT cell system_i/axi_ethernet_0/inst/mac/inst/tri_mode_ethernet_mac_support_resets_i/idelayctrl_reset_gen_i_1, with 2 or more inputs, drives asynchronous preset/clear pin(s) system_i/axi_ethernet_0/inst/mac/inst/tri_mode_ethernet_mac_support_resets_i/idelayctrl_reset_gen/reset_sync0/PRE,
system_i/axi_ethernet_0/inst/mac/inst/tri_mode_ethernet_mac_support_resets_i/idelayctrl_reset_gen/reset_sync1/PRE,
system_i/axi_ethernet_0/inst/mac/inst/tri_mode_ethernet_mac_support_resets_i/idelayctrl_reset_gen/reset_sync2/PRE,
system_i/axi_ethernet_0/inst/mac/inst/tri_mode_ethernet_mac_support_resets_i/idelayctrl_reset_gen/reset_sync3/PRE
system_i/axi_ethernet_0/inst/mac/inst/tri_mode_ethernet_mac_support_resets_i/idelayctrl_reset_gen/reset_sync4/PRE. The LUT may glitch and trigger an unexpected reset, even if it is a properly timed path.
Related violations: <none>

LUTAR-1#5 Warning
LUT drives async reset alert  
LUT cell system_i/axi_ethernet_1/inst/eth_buf/U0/COMBINE_RESETS/RESET2PCSPMA_INST_0, with 2 or more inputs, drives asynchronous preset/clear pin(s) system_i/axi_ethernet_1/inst/eth_buf/U0/COMBINE_RESETS/AXI_RESET_TO_RXCLIENT/ClkB_reset_inst/async_rst0_reg/PRE,
system_i/axi_ethernet_1/inst/eth_buf/U0/COMBINE_RESETS/AXI_RESET_TO_RXCLIENT/ClkB_reset_inst/async_rst1_reg/PRE,
system_i/axi_ethernet_1/inst/eth_buf/U0/COMBINE_RESETS/AXI_RESET_TO_RXCLIENT/ClkB_reset_inst/async_rst2_reg/PRE,
system_i/axi_ethernet_1/inst/eth_buf/U0/COMBINE_RESETS/AXI_RESET_TO_RXCLIENT/ClkB_reset_inst/async_rst3_reg/PRE,
system_i/axi_ethernet_1/inst/eth_buf/U0/COMBINE_RESETS/AXI_RESET_TO_RXCLIENT/ClkB_reset_inst/async_rst4_reg/PRE,
system_i/axi_ethernet_1/inst/eth_buf/U0/COMBINE_RESETS/AXI_RESET_TO_TXCLIENT/ClkB_reset_inst/async_rst0_reg/PRE,
system_i/axi_ethernet_1/inst/eth_buf/U0/COMBINE_RESETS/AXI_RESET_TO_TXCLIENT/ClkB_reset_inst/async_rst1_reg/PRE,
system_i/axi_ethernet_1/inst/eth_buf/U0/COMBINE_RESETS/AXI_RESET_TO_TXCLIENT/ClkB_reset_inst/async_rst2_reg/PRE,
system_i/axi_ethernet_1/inst/eth_buf/U0/COMBINE_RESETS/AXI_RESET_TO_TXCLIENT/ClkB_reset_inst/async_rst3_reg/PRE
system_i/axi_ethernet_1/inst/eth_buf/U0/COMBINE_RESETS/AXI_RESET_TO_TXCLIENT/ClkB_reset_inst/async_rst4_reg/PRE. The LUT may glitch and trigger an unexpected reset, even if it is a properly timed path.
Related violations: <none>

LUTAR-1#6 Warning
LUT drives async reset alert  
LUT cell system_i/axi_ethernet_1/inst/eth_buf/U0/COMBINE_RESETS/RESET2TEMACn_INST_0, with 2 or more inputs, drives asynchronous preset/clear pin(s) system_i/axi_ethernet_1/inst/mac/inst/bd_8bfc_mac_0_core/sync_glbl_rstn_tx_clk/async_rst0_reg/CLR,
system_i/axi_ethernet_1/inst/mac/inst/bd_8bfc_mac_0_core/sync_glbl_rstn_tx_clk/async_rst1_reg/CLR,
system_i/axi_ethernet_1/inst/mac/inst/bd_8bfc_mac_0_core/sync_glbl_rstn_tx_clk/async_rst2_reg/CLR,
system_i/axi_ethernet_1/inst/mac/inst/bd_8bfc_mac_0_core/sync_glbl_rstn_tx_clk/async_rst3_reg/CLR,
system_i/axi_ethernet_1/inst/mac/inst/bd_8bfc_mac_0_core/sync_glbl_rstn_tx_clk/async_rst4_reg/CLR,
system_i/axi_ethernet_1/inst/mac/inst/bd_8bfc_mac_0_core/sync_stats_reset/async_rst0_reg/PRE,
system_i/axi_ethernet_1/inst/mac/inst/bd_8bfc_mac_0_core/sync_stats_reset/async_rst1_reg/PRE,
system_i/axi_ethernet_1/inst/mac/inst/bd_8bfc_mac_0_core/sync_stats_reset/async_rst2_reg/PRE,
system_i/axi_ethernet_1/inst/mac/inst/bd_8bfc_mac_0_core/sync_stats_reset/async_rst3_reg/PRE,
system_i/axi_ethernet_1/inst/mac/inst/bd_8bfc_mac_0_core/sync_stats_reset/async_rst4_reg/PRE,
system_i/axi_ethernet_1/inst/mac/inst/bd_8bfc_mac_0_core/sync_tx_axi_rstn_tx_clk/async_rst0_reg/CLR,
system_i/axi_ethernet_1/inst/mac/inst/bd_8bfc_mac_0_core/sync_tx_axi_rstn_tx_clk/async_rst1_reg/CLR,
system_i/axi_ethernet_1/inst/mac/inst/bd_8bfc_mac_0_core/sync_tx_axi_rstn_tx_clk/async_rst2_reg/CLR,
system_i/axi_ethernet_1/inst/mac/inst/bd_8bfc_mac_0_core/sync_tx_axi_rstn_tx_clk/async_rst3_reg/CLR,
system_i/axi_ethernet_1/inst/mac/inst/bd_8bfc_mac_0_core/sync_tx_axi_rstn_tx_clk/async_rst4_reg/CLR
 (the first 15 of 30 listed). The LUT may glitch and trigger an unexpected reset, even if it is a properly timed path.
Related violations: <none>

PDRC-190#1 Warning
Suboptimally placed synchronized register chain  
The FDRE cell system_i/axi_dma_0/U0/I_AXI_DMA_REG_MODULE/GEN_AXI_LITE_IF.AXI_LITE_IF_I/GEN_ASYNC_READ.lite_rdata_cdc_from_reg[0] in site SLICE_X29Y106 is part of a synchronized register chain that is suboptimally placed as the load FDRE cell system_i/axi_dma_0/U0/I_AXI_DMA_REG_MODULE/GEN_AXI_LITE_IF.AXI_LITE_IF_I/GEN_ASYNC_READ.REG_DATA2LITE_CLOCK/syncstages_ff_reg[0][0] is not placed in the same (SLICE) site.
Related violations: <none>

PDRC-190#2 Warning
Suboptimally placed synchronized register chain  
The FDRE cell system_i/axi_dma_0/U0/I_AXI_DMA_REG_MODULE/GEN_AXI_LITE_IF.AXI_LITE_IF_I/GEN_ASYNC_READ.lite_rdata_cdc_from_reg[10] in site SLICE_X38Y111 is part of a synchronized register chain that is suboptimally placed as the load FDRE cell system_i/axi_dma_0/U0/I_AXI_DMA_REG_MODULE/GEN_AXI_LITE_IF.AXI_LITE_IF_I/GEN_ASYNC_READ.REG_DATA2LITE_CLOCK/syncstages_ff_reg[0][10] is not placed in the same (SLICE) site.
Related violations: <none>

PDRC-190#3 Warning
Suboptimally placed synchronized register chain  
The FDRE cell system_i/axi_dma_0/U0/I_AXI_DMA_REG_MODULE/GEN_AXI_LITE_IF.AXI_LITE_IF_I/GEN_ASYNC_READ.lite_rdata_cdc_from_reg[11] in site SLICE_X40Y111 is part of a synchronized register chain that is suboptimally placed as the load FDRE cell system_i/axi_dma_0/U0/I_AXI_DMA_REG_MODULE/GEN_AXI_LITE_IF.AXI_LITE_IF_I/GEN_ASYNC_READ.REG_DATA2LITE_CLOCK/syncstages_ff_reg[0][11] is not placed in the same (SLICE) site.
Related violations: <none>

PDRC-190#4 Warning
Suboptimally placed synchronized register chain  
The FDRE cell system_i/axi_dma_0/U0/I_AXI_DMA_REG_MODULE/GEN_AXI_LITE_IF.AXI_LITE_IF_I/GEN_ASYNC_READ.lite_rdata_cdc_from_reg[12] in site SLICE_X35Y106 is part of a synchronized register chain that is suboptimally placed as the load FDRE cell system_i/axi_dma_0/U0/I_AXI_DMA_REG_MODULE/GEN_AXI_LITE_IF.AXI_LITE_IF_I/GEN_ASYNC_READ.REG_DATA2LITE_CLOCK/syncstages_ff_reg[0][12] is not placed in the same (SLICE) site.
Related violations: <none>

PDRC-190#5 Warning
Suboptimally placed synchronized register chain  
The FDRE cell system_i/axi_dma_0/U0/I_AXI_DMA_REG_MODULE/GEN_AXI_LITE_IF.AXI_LITE_IF_I/GEN_ASYNC_READ.lite_rdata_cdc_from_reg[13] in site SLICE_X29Y110 is part of a synchronized register chain that is suboptimally placed as the load FDRE cell system_i/axi_dma_0/U0/I_AXI_DMA_REG_MODULE/GEN_AXI_LITE_IF.AXI_LITE_IF_I/GEN_ASYNC_READ.REG_DATA2LITE_CLOCK/syncstages_ff_reg[0][13] is not placed in the same (SLICE) site.
Related violations: <none>

PDRC-190#6 Warning
Suboptimally placed synchronized register chain  
The FDRE cell system_i/axi_dma_0/U0/I_AXI_DMA_REG_MODULE/GEN_AXI_LITE_IF.AXI_LITE_IF_I/GEN_ASYNC_READ.lite_rdata_cdc_from_reg[14] in site SLICE_X38Y107 is part of a synchronized register chain that is suboptimally placed as the load FDRE cell system_i/axi_dma_0/U0/I_AXI_DMA_REG_MODULE/GEN_AXI_LITE_IF.AXI_LITE_IF_I/GEN_ASYNC_READ.REG_DATA2LITE_CLOCK/syncstages_ff_reg[0][14] is not placed in the same (SLICE) site.
Related violations: <none>

PDRC-190#7 Warning
Suboptimally placed synchronized register chain  
The FDRE cell system_i/axi_dma_0/U0/I_AXI_DMA_REG_MODULE/GEN_AXI_LITE_IF.AXI_LITE_IF_I/GEN_ASYNC_READ.lite_rdata_cdc_from_reg[15] in site SLICE_X39Y110 is part of a synchronized register chain that is suboptimally placed as the load FDRE cell system_i/axi_dma_0/U0/I_AXI_DMA_REG_MODULE/GEN_AXI_LITE_IF.AXI_LITE_IF_I/GEN_ASYNC_READ.REG_DATA2LITE_CLOCK/syncstages_ff_reg[0][15] is not placed in the same (SLICE) site.
Related violations: <none>

PDRC-190#8 Warning
Suboptimally placed synchronized register chain  
The FDRE cell system_i/axi_dma_0/U0/I_AXI_DMA_REG_MODULE/GEN_AXI_LITE_IF.AXI_LITE_IF_I/GEN_ASYNC_READ.lite_rdata_cdc_from_reg[16] in site SLICE_X32Y112 is part of a synchronized register chain that is suboptimally placed as the load FDRE cell system_i/axi_dma_0/U0/I_AXI_DMA_REG_MODULE/GEN_AXI_LITE_IF.AXI_LITE_IF_I/GEN_ASYNC_READ.REG_DATA2LITE_CLOCK/syncstages_ff_reg[0][16] is not placed in the same (SLICE) site.
Related violations: <none>

PDRC-190#9 Warning
Suboptimally placed synchronized register chain  
The FDRE cell system_i/axi_dma_0/U0/I_AXI_DMA_REG_MODULE/GEN_AXI_LITE_IF.AXI_LITE_IF_I/GEN_ASYNC_READ.lite_rdata_cdc_from_reg[17] in site SLICE_X28Y113 is part of a synchronized register chain that is suboptimally placed as the load FDRE cell system_i/axi_dma_0/U0/I_AXI_DMA_REG_MODULE/GEN_AXI_LITE_IF.AXI_LITE_IF_I/GEN_ASYNC_READ.REG_DATA2LITE_CLOCK/syncstages_ff_reg[0][17] is not placed in the same (SLICE) site.
Related violations: <none>

PDRC-190#10 Warning
Suboptimally placed synchronized register chain  
The FDRE cell system_i/axi_dma_0/U0/I_AXI_DMA_REG_MODULE/GEN_AXI_LITE_IF.AXI_LITE_IF_I/GEN_ASYNC_READ.lite_rdata_cdc_from_reg[18] in site SLICE_X36Y107 is part of a synchronized register chain that is suboptimally placed as the load FDRE cell system_i/axi_dma_0/U0/I_AXI_DMA_REG_MODULE/GEN_AXI_LITE_IF.AXI_LITE_IF_I/GEN_ASYNC_READ.REG_DATA2LITE_CLOCK/syncstages_ff_reg[0][18] is not placed in the same (SLICE) site.
Related violations: <none>

PDRC-190#11 Warning
Suboptimally placed synchronized register chain  
The FDRE cell system_i/axi_dma_0/U0/I_AXI_DMA_REG_MODULE/GEN_AXI_LITE_IF.AXI_LITE_IF_I/GEN_ASYNC_READ.lite_rdata_cdc_from_reg[19] in site SLICE_X34Y106 is part of a synchronized register chain that is suboptimally placed as the load FDRE cell system_i/axi_dma_0/U0/I_AXI_DMA_REG_MODULE/GEN_AXI_LITE_IF.AXI_LITE_IF_I/GEN_ASYNC_READ.REG_DATA2LITE_CLOCK/syncstages_ff_reg[0][19] is not placed in the same (SLICE) site.
Related violations: <none>

PDRC-190#12 Warning
Suboptimally placed synchronized register chain  
The FDRE cell system_i/axi_dma_0/U0/I_AXI_DMA_REG_MODULE/GEN_AXI_LITE_IF.AXI_LITE_IF_I/GEN_ASYNC_READ.lite_rdata_cdc_from_reg[1] in site SLICE_X36Y110 is part of a synchronized register chain that is suboptimally placed as the load FDRE cell system_i/axi_dma_0/U0/I_AXI_DMA_REG_MODULE/GEN_AXI_LITE_IF.AXI_LITE_IF_I/GEN_ASYNC_READ.REG_DATA2LITE_CLOCK/syncstages_ff_reg[0][1] is not placed in the same (SLICE) site.
Related violations: <none>

PDRC-190#13 Warning
Suboptimally placed synchronized register chain  
The FDRE cell system_i/axi_dma_0/U0/I_AXI_DMA_REG_MODULE/GEN_AXI_LITE_IF.AXI_LITE_IF_I/GEN_ASYNC_READ.lite_rdata_cdc_from_reg[20] in site SLICE_X28Y110 is part of a synchronized register chain that is suboptimally placed as the load FDRE cell system_i/axi_dma_0/U0/I_AXI_DMA_REG_MODULE/GEN_AXI_LITE_IF.AXI_LITE_IF_I/GEN_ASYNC_READ.REG_DATA2LITE_CLOCK/syncstages_ff_reg[0][20] is not placed in the same (SLICE) site.
Related violations: <none>

PDRC-190#14 Warning
Suboptimally placed synchronized register chain  
The FDRE cell system_i/axi_dma_0/U0/I_AXI_DMA_REG_MODULE/GEN_AXI_LITE_IF.AXI_LITE_IF_I/GEN_ASYNC_READ.lite_rdata_cdc_from_reg[21] in site SLICE_X29Y108 is part of a synchronized register chain that is suboptimally placed as the load FDRE cell system_i/axi_dma_0/U0/I_AXI_DMA_REG_MODULE/GEN_AXI_LITE_IF.AXI_LITE_IF_I/GEN_ASYNC_READ.REG_DATA2LITE_CLOCK/syncstages_ff_reg[0][21] is not placed in the same (SLICE) site.
Related violations: <none>

PDRC-190#15 Warning
Suboptimally placed synchronized register chain  
The FDRE cell system_i/axi_dma_0/U0/I_AXI_DMA_REG_MODULE/GEN_AXI_LITE_IF.AXI_LITE_IF_I/GEN_ASYNC_READ.lite_rdata_cdc_from_reg[22] in site SLICE_X35Y108 is part of a synchronized register chain that is suboptimally placed as the load FDRE cell system_i/axi_dma_0/U0/I_AXI_DMA_REG_MODULE/GEN_AXI_LITE_IF.AXI_LITE_IF_I/GEN_ASYNC_READ.REG_DATA2LITE_CLOCK/syncstages_ff_reg[0][22] is not placed in the same (SLICE) site.
Related violations: <none>

PDRC-190#16 Warning
Suboptimally placed synchronized register chain  
The FDRE cell system_i/axi_dma_0/U0/I_AXI_DMA_REG_MODULE/GEN_AXI_LITE_IF.AXI_LITE_IF_I/GEN_ASYNC_READ.lite_rdata_cdc_from_reg[23] in site SLICE_X32Y114 is part of a synchronized register chain that is suboptimally placed as the load FDRE cell system_i/axi_dma_0/U0/I_AXI_DMA_REG_MODULE/GEN_AXI_LITE_IF.AXI_LITE_IF_I/GEN_ASYNC_READ.REG_DATA2LITE_CLOCK/syncstages_ff_reg[0][23] is not placed in the same (SLICE) site.
Related violations: <none>

PDRC-190#17 Warning
Suboptimally placed synchronized register chain  
The FDRE cell system_i/axi_dma_0/U0/I_AXI_DMA_REG_MODULE/GEN_AXI_LITE_IF.AXI_LITE_IF_I/GEN_ASYNC_READ.lite_rdata_cdc_from_reg[24] in site SLICE_X31Y113 is part of a synchronized register chain that is suboptimally placed as the load FDRE cell system_i/axi_dma_0/U0/I_AXI_DMA_REG_MODULE/GEN_AXI_LITE_IF.AXI_LITE_IF_I/GEN_ASYNC_READ.REG_DATA2LITE_CLOCK/syncstages_ff_reg[0][24] is not placed in the same (SLICE) site.
Related violations: <none>

PDRC-190#18 Warning
Suboptimally placed synchronized register chain  
The FDRE cell system_i/axi_dma_0/U0/I_AXI_DMA_REG_MODULE/GEN_AXI_LITE_IF.AXI_LITE_IF_I/GEN_ASYNC_READ.lite_rdata_cdc_from_reg[25] in site SLICE_X35Y111 is part of a synchronized register chain that is suboptimally placed as the load FDRE cell system_i/axi_dma_0/U0/I_AXI_DMA_REG_MODULE/GEN_AXI_LITE_IF.AXI_LITE_IF_I/GEN_ASYNC_READ.REG_DATA2LITE_CLOCK/syncstages_ff_reg[0][25] is not placed in the same (SLICE) site.
Related violations: <none>

PDRC-190#19 Warning
Suboptimally placed synchronized register chain  
The FDRE cell system_i/axi_dma_0/U0/I_AXI_DMA_REG_MODULE/GEN_AXI_LITE_IF.AXI_LITE_IF_I/GEN_ASYNC_READ.lite_rdata_cdc_from_reg[26] in site SLICE_X39Y112 is part of a synchronized register chain that is suboptimally placed as the load FDRE cell system_i/axi_dma_0/U0/I_AXI_DMA_REG_MODULE/GEN_AXI_LITE_IF.AXI_LITE_IF_I/GEN_ASYNC_READ.REG_DATA2LITE_CLOCK/syncstages_ff_reg[0][26] is not placed in the same (SLICE) site.
Related violations: <none>

PDRC-190#20 Warning
Suboptimally placed synchronized register chain  
The FDRE cell system_i/axi_dma_0/U0/I_AXI_DMA_REG_MODULE/GEN_AXI_LITE_IF.AXI_LITE_IF_I/GEN_ASYNC_READ.lite_rdata_cdc_from_reg[27] in site SLICE_X34Y108 is part of a synchronized register chain that is suboptimally placed as the load FDRE cell system_i/axi_dma_0/U0/I_AXI_DMA_REG_MODULE/GEN_AXI_LITE_IF.AXI_LITE_IF_I/GEN_ASYNC_READ.REG_DATA2LITE_CLOCK/syncstages_ff_reg[0][27] is not placed in the same (SLICE) site.
Related violations: <none>

PDRC-190#21 Warning
Suboptimally placed synchronized register chain  
The FDRE cell system_i/axi_dma_0/U0/I_AXI_DMA_REG_MODULE/GEN_AXI_LITE_IF.AXI_LITE_IF_I/GEN_ASYNC_READ.lite_rdata_cdc_from_reg[28] in site SLICE_X38Y113 is part of a synchronized register chain that is suboptimally placed as the load FDRE cell system_i/axi_dma_0/U0/I_AXI_DMA_REG_MODULE/GEN_AXI_LITE_IF.AXI_LITE_IF_I/GEN_ASYNC_READ.REG_DATA2LITE_CLOCK/syncstages_ff_reg[0][28] is not placed in the same (SLICE) site.
Related violations: <none>

PDRC-190#22 Warning
Suboptimally placed synchronized register chain  
The FDRE cell system_i/axi_dma_0/U0/I_AXI_DMA_REG_MODULE/GEN_AXI_LITE_IF.AXI_LITE_IF_I/GEN_ASYNC_READ.lite_rdata_cdc_from_reg[29] in site SLICE_X33Y114 is part of a synchronized register chain that is suboptimally placed as the load FDRE cell system_i/axi_dma_0/U0/I_AXI_DMA_REG_MODULE/GEN_AXI_LITE_IF.AXI_LITE_IF_I/GEN_ASYNC_READ.REG_DATA2LITE_CLOCK/syncstages_ff_reg[0][29] is not placed in the same (SLICE) site.
Related violations: <none>

PDRC-190#23 Warning
Suboptimally placed synchronized register chain  
The FDRE cell system_i/axi_dma_0/U0/I_AXI_DMA_REG_MODULE/GEN_AXI_LITE_IF.AXI_LITE_IF_I/GEN_ASYNC_READ.lite_rdata_cdc_from_reg[2] in site SLICE_X37Y107 is part of a synchronized register chain that is suboptimally placed as the load FDRE cell system_i/axi_dma_0/U0/I_AXI_DMA_REG_MODULE/GEN_AXI_LITE_IF.AXI_LITE_IF_I/GEN_ASYNC_READ.REG_DATA2LITE_CLOCK/syncstages_ff_reg[0][2] is not placed in the same (SLICE) site.
Related violations: <none>

PDRC-190#24 Warning
Suboptimally placed synchronized register chain  
The FDRE cell system_i/axi_dma_0/U0/I_AXI_DMA_REG_MODULE/GEN_AXI_LITE_IF.AXI_LITE_IF_I/GEN_ASYNC_READ.lite_rdata_cdc_from_reg[30] in site SLICE_X33Y111 is part of a synchronized register chain that is suboptimally placed as the load FDRE cell system_i/axi_dma_0/U0/I_AXI_DMA_REG_MODULE/GEN_AXI_LITE_IF.AXI_LITE_IF_I/GEN_ASYNC_READ.REG_DATA2LITE_CLOCK/syncstages_ff_reg[0][30] is not placed in the same (SLICE) site.
Related violations: <none>

PDRC-190#25 Warning
Suboptimally placed synchronized register chain  
The FDRE cell system_i/axi_dma_0/U0/I_AXI_DMA_REG_MODULE/GEN_AXI_LITE_IF.AXI_LITE_IF_I/GEN_ASYNC_READ.lite_rdata_cdc_from_reg[31] in site SLICE_X29Y112 is part of a synchronized register chain that is suboptimally placed as the load FDRE cell system_i/axi_dma_0/U0/I_AXI_DMA_REG_MODULE/GEN_AXI_LITE_IF.AXI_LITE_IF_I/GEN_ASYNC_READ.REG_DATA2LITE_CLOCK/syncstages_ff_reg[0][31] is not placed in the same (SLICE) site.
Related violations: <none>

PDRC-190#26 Warning
Suboptimally placed synchronized register chain  
The FDRE cell system_i/axi_dma_0/U0/I_AXI_DMA_REG_MODULE/GEN_AXI_LITE_IF.AXI_LITE_IF_I/GEN_ASYNC_READ.lite_rdata_cdc_from_reg[3] in site SLICE_X38Y109 is part of a synchronized register chain that is suboptimally placed as the load FDRE cell system_i/axi_dma_0/U0/I_AXI_DMA_REG_MODULE/GEN_AXI_LITE_IF.AXI_LITE_IF_I/GEN_ASYNC_READ.REG_DATA2LITE_CLOCK/syncstages_ff_reg[0][3] is not placed in the same (SLICE) site.
Related violations: <none>

PDRC-190#27 Warning
Suboptimally placed synchronized register chain  
The FDRE cell system_i/axi_dma_0/U0/I_AXI_DMA_REG_MODULE/GEN_AXI_LITE_IF.AXI_LITE_IF_I/GEN_ASYNC_READ.lite_rdata_cdc_from_reg[4] in site SLICE_X39Y108 is part of a synchronized register chain that is suboptimally placed as the load FDRE cell system_i/axi_dma_0/U0/I_AXI_DMA_REG_MODULE/GEN_AXI_LITE_IF.AXI_LITE_IF_I/GEN_ASYNC_READ.REG_DATA2LITE_CLOCK/syncstages_ff_reg[0][4] is not placed in the same (SLICE) site.
Related violations: <none>

PDRC-190#28 Warning
Suboptimally placed synchronized register chain  
The FDRE cell system_i/axi_dma_0/U0/I_AXI_DMA_REG_MODULE/GEN_AXI_LITE_IF.AXI_LITE_IF_I/GEN_ASYNC_READ.lite_rdata_cdc_from_reg[5] in site SLICE_X28Y108 is part of a synchronized register chain that is suboptimally placed as the load FDRE cell system_i/axi_dma_0/U0/I_AXI_DMA_REG_MODULE/GEN_AXI_LITE_IF.AXI_LITE_IF_I/GEN_ASYNC_READ.REG_DATA2LITE_CLOCK/syncstages_ff_reg[0][5] is not placed in the same (SLICE) site.
Related violations: <none>

PDRC-190#29 Warning
Suboptimally placed synchronized register chain  
The FDRE cell system_i/axi_dma_0/U0/I_AXI_DMA_REG_MODULE/GEN_AXI_LITE_IF.AXI_LITE_IF_I/GEN_ASYNC_READ.lite_rdata_cdc_from_reg[6] in site SLICE_X36Y112 is part of a synchronized register chain that is suboptimally placed as the load FDRE cell system_i/axi_dma_0/U0/I_AXI_DMA_REG_MODULE/GEN_AXI_LITE_IF.AXI_LITE_IF_I/GEN_ASYNC_READ.REG_DATA2LITE_CLOCK/syncstages_ff_reg[0][6] is not placed in the same (SLICE) site.
Related violations: <none>

PDRC-190#30 Warning
Suboptimally placed synchronized register chain  
The FDRE cell system_i/axi_dma_0/U0/I_AXI_DMA_REG_MODULE/GEN_AXI_LITE_IF.AXI_LITE_IF_I/GEN_ASYNC_READ.lite_rdata_cdc_from_reg[7] in site SLICE_X37Y111 is part of a synchronized register chain that is suboptimally placed as the load FDRE cell system_i/axi_dma_0/U0/I_AXI_DMA_REG_MODULE/GEN_AXI_LITE_IF.AXI_LITE_IF_I/GEN_ASYNC_READ.REG_DATA2LITE_CLOCK/syncstages_ff_reg[0][7] is not placed in the same (SLICE) site.
Related violations: <none>

PDRC-190#31 Warning
Suboptimally placed synchronized register chain  
The FDRE cell system_i/axi_dma_0/U0/I_AXI_DMA_REG_MODULE/GEN_AXI_LITE_IF.AXI_LITE_IF_I/GEN_ASYNC_READ.lite_rdata_cdc_from_reg[8] in site SLICE_X37Y109 is part of a synchronized register chain that is suboptimally placed as the load FDRE cell system_i/axi_dma_0/U0/I_AXI_DMA_REG_MODULE/GEN_AXI_LITE_IF.AXI_LITE_IF_I/GEN_ASYNC_READ.REG_DATA2LITE_CLOCK/syncstages_ff_reg[0][8] is not placed in the same (SLICE) site.
Related violations: <none>

PDRC-190#32 Warning
Suboptimally placed synchronized register chain  
The FDRE cell system_i/axi_dma_0/U0/I_AXI_DMA_REG_MODULE/GEN_AXI_LITE_IF.AXI_LITE_IF_I/GEN_ASYNC_READ.lite_rdata_cdc_from_reg[9] in site SLICE_X39Y106 is part of a synchronized register chain that is suboptimally placed as the load FDRE cell system_i/axi_dma_0/U0/I_AXI_DMA_REG_MODULE/GEN_AXI_LITE_IF.AXI_LITE_IF_I/GEN_ASYNC_READ.REG_DATA2LITE_CLOCK/syncstages_ff_reg[0][9] is not placed in the same (SLICE) site.
Related violations: <none>

PDRC-190#33 Warning
Suboptimally placed synchronized register chain  
The FDRE cell system_i/axi_ethernet_0/inst/mac/inst/tri_mode_ethernet_mac_i/bd_4bad_mac_0_core/man_reset.sync_bus2ip_reset_bus2ip_clk/sync_rst0_reg in site SLICE_X3Y39 is part of a synchronized register chain that is suboptimally placed as the load FDSE cell system_i/axi_ethernet_0/inst/mac/inst/tri_mode_ethernet_mac_i/bd_4bad_mac_0_core/man_reset.sync_bus2ip_reset_bus2ip_clk/sync_rst1_reg is not placed in the same (SLICE) site.
Related violations: <none>

PDRC-190#34 Warning
Suboptimally placed synchronized register chain  
The FDRE cell system_i/axi_ethernet_0/inst/mac/inst/tri_mode_ethernet_mac_i/bd_4bad_mac_0_core/man_reset.sync_glbl_rstn_bus2ip_clk/sync_rst0_reg in site SLICE_X1Y37 is part of a synchronized register chain that is suboptimally placed as the load FDRE cell system_i/axi_ethernet_0/inst/mac/inst/tri_mode_ethernet_mac_i/bd_4bad_mac_0_core/man_reset.sync_glbl_rstn_bus2ip_clk/sync_rst1_reg is not placed in the same (SLICE) site.
Related violations: <none>

PDRC-190#35 Warning
Suboptimally placed synchronized register chain  
The FDRE cell system_i/axi_ethernet_0/inst/mac/inst/tri_mode_ethernet_mac_i/bd_4bad_mac_0_core/stats_block.statistics_counters/tx_byte_counter/SYNC_STATS_RESET/sync_rst0_reg in site SLICE_X19Y10 is part of a synchronized register chain that is suboptimally placed as the load FDSE cell system_i/axi_ethernet_0/inst/mac/inst/tri_mode_ethernet_mac_i/bd_4bad_mac_0_core/stats_block.statistics_counters/tx_byte_counter/SYNC_STATS_RESET/sync_rst1_reg is not placed in the same (SLICE) site.
Related violations: <none>

PDRC-190#36 Warning
Suboptimally placed synchronized register chain  
The FDRE cell system_i/axi_ethernet_0/inst/mac/inst/tri_mode_ethernet_mac_i/bd_4bad_mac_0_core/sync_glbl_rstn_tx_clk/sync_rst0_reg in site SLICE_X8Y15 is part of a synchronized register chain that is suboptimally placed as the load FDRE cell system_i/axi_ethernet_0/inst/mac/inst/tri_mode_ethernet_mac_i/bd_4bad_mac_0_core/sync_glbl_rstn_tx_clk/sync_rst1_reg is not placed in the same (SLICE) site.
Related violations: <none>

PDRC-190#37 Warning
Suboptimally placed synchronized register chain  
The FDRE cell system_i/axi_ethernet_0/inst/mac/inst/tri_mode_ethernet_mac_i/bd_4bad_mac_0_core/sync_int_tx_rst_mgmt_tx_clk/sync_rst0_reg in site SLICE_X7Y16 is part of a synchronized register chain that is suboptimally placed as the load FDSE cell system_i/axi_ethernet_0/inst/mac/inst/tri_mode_ethernet_mac_i/bd_4bad_mac_0_core/sync_int_tx_rst_mgmt_tx_clk/sync_rst1_reg is not placed in the same (SLICE) site.
Related violations: <none>

PDRC-190#38 Warning
Suboptimally placed synchronized register chain  
The FDRE cell system_i/axi_ethernet_0/inst/mac/inst/tri_mode_ethernet_mac_i/bd_4bad_mac_0_core/sync_stats_reset/sync_rst0_reg in site SLICE_X28Y13 is part of a synchronized register chain that is suboptimally placed as the load FDSE cell system_i/axi_ethernet_0/inst/mac/inst/tri_mode_ethernet_mac_i/bd_4bad_mac_0_core/sync_stats_reset/sync_rst1_reg is not placed in the same (SLICE) site.
Related violations: <none>

PDRC-190#39 Warning
Suboptimally placed synchronized register chain  
The FDRE cell system_i/axi_ethernet_0/inst/mac/inst/tri_mode_ethernet_mac_i/bd_4bad_mac_0_core/sync_tx_axi_rstn_tx_clk/sync_rst0_reg in site SLICE_X9Y14 is part of a synchronized register chain that is suboptimally placed as the load FDRE cell system_i/axi_ethernet_0/inst/mac/inst/tri_mode_ethernet_mac_i/bd_4bad_mac_0_core/sync_tx_axi_rstn_tx_clk/sync_rst1_reg is not placed in the same (SLICE) site.
Related violations: <none>

PDRC-190#40 Warning
Suboptimally placed synchronized register chain  
The FDRE cell system_i/axi_ethernet_1/inst/mac/inst/bd_8bfc_mac_0_core/man_reset.sync_bus2ip_reset_bus2ip_clk/sync_rst0_reg in site SLICE_X12Y36 is part of a synchronized register chain that is suboptimally placed as the load FDSE cell system_i/axi_ethernet_1/inst/mac/inst/bd_8bfc_mac_0_core/man_reset.sync_bus2ip_reset_bus2ip_clk/sync_rst1_reg is not placed in the same (SLICE) site.
Related violations: <none>

PDRC-190#41 Warning
Suboptimally placed synchronized register chain  
The FDRE cell system_i/axi_ethernet_1/inst/mac/inst/bd_8bfc_mac_0_core/man_reset.sync_glbl_rstn_bus2ip_clk/sync_rst0_reg in site SLICE_X18Y38 is part of a synchronized register chain that is suboptimally placed as the load FDRE cell system_i/axi_ethernet_1/inst/mac/inst/bd_8bfc_mac_0_core/man_reset.sync_glbl_rstn_bus2ip_clk/sync_rst1_reg is not placed in the same (SLICE) site.
Related violations: <none>

PDRC-190#42 Warning
Suboptimally placed synchronized register chain  
The FDRE cell system_i/axi_ethernet_1/inst/mac/inst/bd_8bfc_mac_0_core/stats_block.statistics_counters/tx_byte_counter/SYNC_STATS_RESET/sync_rst0_reg in site SLICE_X33Y15 is part of a synchronized register chain that is suboptimally placed as the load FDSE cell system_i/axi_ethernet_1/inst/mac/inst/bd_8bfc_mac_0_core/stats_block.statistics_counters/tx_byte_counter/SYNC_STATS_RESET/sync_rst1_reg is not placed in the same (SLICE) site.
Related violations: <none>

PDRC-190#43 Warning
Suboptimally placed synchronized register chain  
The FDRE cell system_i/axi_ethernet_1/inst/mac/inst/bd_8bfc_mac_0_core/sync_glbl_rstn_tx_clk/sync_rst0_reg in site SLICE_X24Y22 is part of a synchronized register chain that is suboptimally placed as the load FDRE cell system_i/axi_ethernet_1/inst/mac/inst/bd_8bfc_mac_0_core/sync_glbl_rstn_tx_clk/sync_rst1_reg is not placed in the same (SLICE) site.
Related violations: <none>

PDRC-190#44 Warning
Suboptimally placed synchronized register chain  
The FDRE cell system_i/axi_ethernet_1/inst/mac/inst/bd_8bfc_mac_0_core/sync_int_tx_rst_mgmt_tx_clk/sync_rst0_reg in site SLICE_X27Y27 is part of a synchronized register chain that is suboptimally placed as the load FDSE cell system_i/axi_ethernet_1/inst/mac/inst/bd_8bfc_mac_0_core/sync_int_tx_rst_mgmt_tx_clk/sync_rst1_reg is not placed in the same (SLICE) site.
Related violations: <none>

PDRC-190#45 Warning
Suboptimally placed synchronized register chain  
The FDRE cell system_i/axi_ethernet_1/inst/mac/inst/bd_8bfc_mac_0_core/sync_stats_reset/sync_rst0_reg in site SLICE_X53Y28 is part of a synchronized register chain that is suboptimally placed as the load FDSE cell system_i/axi_ethernet_1/inst/mac/inst/bd_8bfc_mac_0_core/sync_stats_reset/sync_rst1_reg is not placed in the same (SLICE) site.
Related violations: <none>

PDRC-190#46 Warning
Suboptimally placed synchronized register chain  
The FDRE cell system_i/axi_ethernet_1/inst/mac/inst/bd_8bfc_mac_0_core/sync_tx_axi_rstn_tx_clk/sync_rst0_reg in site SLICE_X25Y22 is part of a synchronized register chain that is suboptimally placed as the load FDRE cell system_i/axi_ethernet_1/inst/mac/inst/bd_8bfc_mac_0_core/sync_tx_axi_rstn_tx_clk/sync_rst1_reg is not placed in the same (SLICE) site.
Related violations: <none>

PDRC-190#47 Warning
Suboptimally placed synchronized register chain  
The FDRE cell system_i/axi_ethernet_1_dma/U0/I_AXI_DMA_REG_MODULE/GEN_AXI_LITE_IF.AXI_LITE_IF_I/GEN_ASYNC_READ.lite_rdata_cdc_from_reg[0] in site SLICE_X55Y106 is part of a synchronized register chain that is suboptimally placed as the load FDRE cell system_i/axi_ethernet_1_dma/U0/I_AXI_DMA_REG_MODULE/GEN_AXI_LITE_IF.AXI_LITE_IF_I/GEN_ASYNC_READ.REG_DATA2LITE_CLOCK/syncstages_ff_reg[0][0] is not placed in the same (SLICE) site.
Related violations: <none>

PDRC-190#48 Warning
Suboptimally placed synchronized register chain  
The FDRE cell system_i/axi_ethernet_1_dma/U0/I_AXI_DMA_REG_MODULE/GEN_AXI_LITE_IF.AXI_LITE_IF_I/GEN_ASYNC_READ.lite_rdata_cdc_from_reg[10] in site SLICE_X48Y106 is part of a synchronized register chain that is suboptimally placed as the load FDRE cell system_i/axi_ethernet_1_dma/U0/I_AXI_DMA_REG_MODULE/GEN_AXI_LITE_IF.AXI_LITE_IF_I/GEN_ASYNC_READ.REG_DATA2LITE_CLOCK/syncstages_ff_reg[0][10] is not placed in the same (SLICE) site.
Related violations: <none>

PDRC-190#49 Warning
Suboptimally placed synchronized register chain  
The FDRE cell system_i/axi_ethernet_1_dma/U0/I_AXI_DMA_REG_MODULE/GEN_AXI_LITE_IF.AXI_LITE_IF_I/GEN_ASYNC_READ.lite_rdata_cdc_from_reg[11] in site SLICE_X45Y100 is part of a synchronized register chain that is suboptimally placed as the load FDRE cell system_i/axi_ethernet_1_dma/U0/I_AXI_DMA_REG_MODULE/GEN_AXI_LITE_IF.AXI_LITE_IF_I/GEN_ASYNC_READ.REG_DATA2LITE_CLOCK/syncstages_ff_reg[0][11] is not placed in the same (SLICE) site.
Related violations: <none>

PDRC-190#50 Warning
Suboptimally placed synchronized register chain  
The FDRE cell system_i/axi_ethernet_1_dma/U0/I_AXI_DMA_REG_MODULE/GEN_AXI_LITE_IF.AXI_LITE_IF_I/GEN_ASYNC_READ.lite_rdata_cdc_from_reg[12] in site SLICE_X44Y102 is part of a synchronized register chain that is suboptimally placed as the load FDRE cell system_i/axi_ethernet_1_dma/U0/I_AXI_DMA_REG_MODULE/GEN_AXI_LITE_IF.AXI_LITE_IF_I/GEN_ASYNC_READ.REG_DATA2LITE_CLOCK/syncstages_ff_reg[0][12] is not placed in the same (SLICE) site.
Related violations: <none>

PDRC-190#51 Warning
Suboptimally placed synchronized register chain  
The FDRE cell system_i/axi_ethernet_1_dma/U0/I_AXI_DMA_REG_MODULE/GEN_AXI_LITE_IF.AXI_LITE_IF_I/GEN_ASYNC_READ.lite_rdata_cdc_from_reg[13] in site SLICE_X57Y106 is part of a synchronized register chain that is suboptimally placed as the load FDRE cell system_i/axi_ethernet_1_dma/U0/I_AXI_DMA_REG_MODULE/GEN_AXI_LITE_IF.AXI_LITE_IF_I/GEN_ASYNC_READ.REG_DATA2LITE_CLOCK/syncstages_ff_reg[0][13] is not placed in the same (SLICE) site.
Related violations: <none>

PDRC-190#52 Warning
Suboptimally placed synchronized register chain  
The FDRE cell system_i/axi_ethernet_1_dma/U0/I_AXI_DMA_REG_MODULE/GEN_AXI_LITE_IF.AXI_LITE_IF_I/GEN_ASYNC_READ.lite_rdata_cdc_from_reg[14] in site SLICE_X57Y108 is part of a synchronized register chain that is suboptimally placed as the load FDRE cell system_i/axi_ethernet_1_dma/U0/I_AXI_DMA_REG_MODULE/GEN_AXI_LITE_IF.AXI_LITE_IF_I/GEN_ASYNC_READ.REG_DATA2LITE_CLOCK/syncstages_ff_reg[0][14] is not placed in the same (SLICE) site.
Related violations: <none>

PDRC-190#53 Warning
Suboptimally placed synchronized register chain  
The FDRE cell system_i/axi_ethernet_1_dma/U0/I_AXI_DMA_REG_MODULE/GEN_AXI_LITE_IF.AXI_LITE_IF_I/GEN_ASYNC_READ.lite_rdata_cdc_from_reg[15] in site SLICE_X46Y100 is part of a synchronized register chain that is suboptimally placed as the load FDRE cell system_i/axi_ethernet_1_dma/U0/I_AXI_DMA_REG_MODULE/GEN_AXI_LITE_IF.AXI_LITE_IF_I/GEN_ASYNC_READ.REG_DATA2LITE_CLOCK/syncstages_ff_reg[0][15] is not placed in the same (SLICE) site.
Related violations: <none>

PDRC-190#54 Warning
Suboptimally placed synchronized register chain  
The FDRE cell system_i/axi_ethernet_1_dma/U0/I_AXI_DMA_REG_MODULE/GEN_AXI_LITE_IF.AXI_LITE_IF_I/GEN_ASYNC_READ.lite_rdata_cdc_from_reg[16] in site SLICE_X51Y108 is part of a synchronized register chain that is suboptimally placed as the load FDRE cell system_i/axi_ethernet_1_dma/U0/I_AXI_DMA_REG_MODULE/GEN_AXI_LITE_IF.AXI_LITE_IF_I/GEN_ASYNC_READ.REG_DATA2LITE_CLOCK/syncstages_ff_reg[0][16] is not placed in the same (SLICE) site.
Related violations: <none>

PDRC-190#55 Warning
Suboptimally placed synchronized register chain  
The FDRE cell system_i/axi_ethernet_1_dma/U0/I_AXI_DMA_REG_MODULE/GEN_AXI_LITE_IF.AXI_LITE_IF_I/GEN_ASYNC_READ.lite_rdata_cdc_from_reg[17] in site SLICE_X45Y105 is part of a synchronized register chain that is suboptimally placed as the load FDRE cell system_i/axi_ethernet_1_dma/U0/I_AXI_DMA_REG_MODULE/GEN_AXI_LITE_IF.AXI_LITE_IF_I/GEN_ASYNC_READ.REG_DATA2LITE_CLOCK/syncstages_ff_reg[0][17] is not placed in the same (SLICE) site.
Related violations: <none>

PDRC-190#56 Warning
Suboptimally placed synchronized register chain  
The FDRE cell system_i/axi_ethernet_1_dma/U0/I_AXI_DMA_REG_MODULE/GEN_AXI_LITE_IF.AXI_LITE_IF_I/GEN_ASYNC_READ.lite_rdata_cdc_from_reg[18] in site SLICE_X56Y105 is part of a synchronized register chain that is suboptimally placed as the load FDRE cell system_i/axi_ethernet_1_dma/U0/I_AXI_DMA_REG_MODULE/GEN_AXI_LITE_IF.AXI_LITE_IF_I/GEN_ASYNC_READ.REG_DATA2LITE_CLOCK/syncstages_ff_reg[0][18] is not placed in the same (SLICE) site.
Related violations: <none>

PDRC-190#57 Warning
Suboptimally placed synchronized register chain  
The FDRE cell system_i/axi_ethernet_1_dma/U0/I_AXI_DMA_REG_MODULE/GEN_AXI_LITE_IF.AXI_LITE_IF_I/GEN_ASYNC_READ.lite_rdata_cdc_from_reg[19] in site SLICE_X47Y100 is part of a synchronized register chain that is suboptimally placed as the load FDRE cell system_i/axi_ethernet_1_dma/U0/I_AXI_DMA_REG_MODULE/GEN_AXI_LITE_IF.AXI_LITE_IF_I/GEN_ASYNC_READ.REG_DATA2LITE_CLOCK/syncstages_ff_reg[0][19] is not placed in the same (SLICE) site.
Related violations: <none>

PDRC-190#58 Warning
Suboptimally placed synchronized register chain  
The FDRE cell system_i/axi_ethernet_1_dma/U0/I_AXI_DMA_REG_MODULE/GEN_AXI_LITE_IF.AXI_LITE_IF_I/GEN_ASYNC_READ.lite_rdata_cdc_from_reg[1] in site SLICE_X55Y101 is part of a synchronized register chain that is suboptimally placed as the load FDRE cell system_i/axi_ethernet_1_dma/U0/I_AXI_DMA_REG_MODULE/GEN_AXI_LITE_IF.AXI_LITE_IF_I/GEN_ASYNC_READ.REG_DATA2LITE_CLOCK/syncstages_ff_reg[0][1] is not placed in the same (SLICE) site.
Related violations: <none>

PDRC-190#59 Warning
Suboptimally placed synchronized register chain  
The FDRE cell system_i/axi_ethernet_1_dma/U0/I_AXI_DMA_REG_MODULE/GEN_AXI_LITE_IF.AXI_LITE_IF_I/GEN_ASYNC_READ.lite_rdata_cdc_from_reg[20] in site SLICE_X42Y108 is part of a synchronized register chain that is suboptimally placed as the load FDRE cell system_i/axi_ethernet_1_dma/U0/I_AXI_DMA_REG_MODULE/GEN_AXI_LITE_IF.AXI_LITE_IF_I/GEN_ASYNC_READ.REG_DATA2LITE_CLOCK/syncstages_ff_reg[0][20] is not placed in the same (SLICE) site.
Related violations: <none>

PDRC-190#60 Warning
Suboptimally placed synchronized register chain  
The FDRE cell system_i/axi_ethernet_1_dma/U0/I_AXI_DMA_REG_MODULE/GEN_AXI_LITE_IF.AXI_LITE_IF_I/GEN_ASYNC_READ.lite_rdata_cdc_from_reg[21] in site SLICE_X44Y107 is part of a synchronized register chain that is suboptimally placed as the load FDRE cell system_i/axi_ethernet_1_dma/U0/I_AXI_DMA_REG_MODULE/GEN_AXI_LITE_IF.AXI_LITE_IF_I/GEN_ASYNC_READ.REG_DATA2LITE_CLOCK/syncstages_ff_reg[0][21] is not placed in the same (SLICE) site.
Related violations: <none>

PDRC-190#61 Warning
Suboptimally placed synchronized register chain  
The FDRE cell system_i/axi_ethernet_1_dma/U0/I_AXI_DMA_REG_MODULE/GEN_AXI_LITE_IF.AXI_LITE_IF_I/GEN_ASYNC_READ.lite_rdata_cdc_from_reg[22] in site SLICE_X41Y103 is part of a synchronized register chain that is suboptimally placed as the load FDRE cell system_i/axi_ethernet_1_dma/U0/I_AXI_DMA_REG_MODULE/GEN_AXI_LITE_IF.AXI_LITE_IF_I/GEN_ASYNC_READ.REG_DATA2LITE_CLOCK/syncstages_ff_reg[0][22] is not placed in the same (SLICE) site.
Related violations: <none>

PDRC-190#62 Warning
Suboptimally placed synchronized register chain  
The FDRE cell system_i/axi_ethernet_1_dma/U0/I_AXI_DMA_REG_MODULE/GEN_AXI_LITE_IF.AXI_LITE_IF_I/GEN_ASYNC_READ.lite_rdata_cdc_from_reg[23] in site SLICE_X44Y105 is part of a synchronized register chain that is suboptimally placed as the load FDRE cell system_i/axi_ethernet_1_dma/U0/I_AXI_DMA_REG_MODULE/GEN_AXI_LITE_IF.AXI_LITE_IF_I/GEN_ASYNC_READ.REG_DATA2LITE_CLOCK/syncstages_ff_reg[0][23] is not placed in the same (SLICE) site.
Related violations: <none>

PDRC-190#63 Warning
Suboptimally placed synchronized register chain  
The FDRE cell system_i/axi_ethernet_1_dma/U0/I_AXI_DMA_REG_MODULE/GEN_AXI_LITE_IF.AXI_LITE_IF_I/GEN_ASYNC_READ.lite_rdata_cdc_from_reg[24] in site SLICE_X43Y105 is part of a synchronized register chain that is suboptimally placed as the load FDRE cell system_i/axi_ethernet_1_dma/U0/I_AXI_DMA_REG_MODULE/GEN_AXI_LITE_IF.AXI_LITE_IF_I/GEN_ASYNC_READ.REG_DATA2LITE_CLOCK/syncstages_ff_reg[0][24] is not placed in the same (SLICE) site.
Related violations: <none>

PDRC-190#64 Warning
Suboptimally placed synchronized register chain  
The FDRE cell system_i/axi_ethernet_1_dma/U0/I_AXI_DMA_REG_MODULE/GEN_AXI_LITE_IF.AXI_LITE_IF_I/GEN_ASYNC_READ.lite_rdata_cdc_from_reg[25] in site SLICE_X41Y105 is part of a synchronized register chain that is suboptimally placed as the load FDRE cell system_i/axi_ethernet_1_dma/U0/I_AXI_DMA_REG_MODULE/GEN_AXI_LITE_IF.AXI_LITE_IF_I/GEN_ASYNC_READ.REG_DATA2LITE_CLOCK/syncstages_ff_reg[0][25] is not placed in the same (SLICE) site.
Related violations: <none>

PDRC-190#65 Warning
Suboptimally placed synchronized register chain  
The FDRE cell system_i/axi_ethernet_1_dma/U0/I_AXI_DMA_REG_MODULE/GEN_AXI_LITE_IF.AXI_LITE_IF_I/GEN_ASYNC_READ.lite_rdata_cdc_from_reg[26] in site SLICE_X46Y102 is part of a synchronized register chain that is suboptimally placed as the load FDRE cell system_i/axi_ethernet_1_dma/U0/I_AXI_DMA_REG_MODULE/GEN_AXI_LITE_IF.AXI_LITE_IF_I/GEN_ASYNC_READ.REG_DATA2LITE_CLOCK/syncstages_ff_reg[0][26] is not placed in the same (SLICE) site.
Related violations: <none>

PDRC-190#66 Warning
Suboptimally placed synchronized register chain  
The FDRE cell system_i/axi_ethernet_1_dma/U0/I_AXI_DMA_REG_MODULE/GEN_AXI_LITE_IF.AXI_LITE_IF_I/GEN_ASYNC_READ.lite_rdata_cdc_from_reg[27] in site SLICE_X47Y102 is part of a synchronized register chain that is suboptimally placed as the load FDRE cell system_i/axi_ethernet_1_dma/U0/I_AXI_DMA_REG_MODULE/GEN_AXI_LITE_IF.AXI_LITE_IF_I/GEN_ASYNC_READ.REG_DATA2LITE_CLOCK/syncstages_ff_reg[0][27] is not placed in the same (SLICE) site.
Related violations: <none>

PDRC-190#67 Warning
Suboptimally placed synchronized register chain  
The FDRE cell system_i/axi_ethernet_1_dma/U0/I_AXI_DMA_REG_MODULE/GEN_AXI_LITE_IF.AXI_LITE_IF_I/GEN_ASYNC_READ.lite_rdata_cdc_from_reg[28] in site SLICE_X43Y102 is part of a synchronized register chain that is suboptimally placed as the load FDRE cell system_i/axi_ethernet_1_dma/U0/I_AXI_DMA_REG_MODULE/GEN_AXI_LITE_IF.AXI_LITE_IF_I/GEN_ASYNC_READ.REG_DATA2LITE_CLOCK/syncstages_ff_reg[0][28] is not placed in the same (SLICE) site.
Related violations: <none>

PDRC-190#68 Warning
Suboptimally placed synchronized register chain  
The FDRE cell system_i/axi_ethernet_1_dma/U0/I_AXI_DMA_REG_MODULE/GEN_AXI_LITE_IF.AXI_LITE_IF_I/GEN_ASYNC_READ.lite_rdata_cdc_from_reg[29] in site SLICE_X43Y107 is part of a synchronized register chain that is suboptimally placed as the load FDRE cell system_i/axi_ethernet_1_dma/U0/I_AXI_DMA_REG_MODULE/GEN_AXI_LITE_IF.AXI_LITE_IF_I/GEN_ASYNC_READ.REG_DATA2LITE_CLOCK/syncstages_ff_reg[0][29] is not placed in the same (SLICE) site.
Related violations: <none>

PDRC-190#69 Warning
Suboptimally placed synchronized register chain  
The FDRE cell system_i/axi_ethernet_1_dma/U0/I_AXI_DMA_REG_MODULE/GEN_AXI_LITE_IF.AXI_LITE_IF_I/GEN_ASYNC_READ.lite_rdata_cdc_from_reg[2] in site SLICE_X45Y102 is part of a synchronized register chain that is suboptimally placed as the load FDRE cell system_i/axi_ethernet_1_dma/U0/I_AXI_DMA_REG_MODULE/GEN_AXI_LITE_IF.AXI_LITE_IF_I/GEN_ASYNC_READ.REG_DATA2LITE_CLOCK/syncstages_ff_reg[0][2] is not placed in the same (SLICE) site.
Related violations: <none>

PDRC-190#70 Warning
Suboptimally placed synchronized register chain  
The FDRE cell system_i/axi_ethernet_1_dma/U0/I_AXI_DMA_REG_MODULE/GEN_AXI_LITE_IF.AXI_LITE_IF_I/GEN_ASYNC_READ.lite_rdata_cdc_from_reg[30] in site SLICE_X42Y106 is part of a synchronized register chain that is suboptimally placed as the load FDRE cell system_i/axi_ethernet_1_dma/U0/I_AXI_DMA_REG_MODULE/GEN_AXI_LITE_IF.AXI_LITE_IF_I/GEN_ASYNC_READ.REG_DATA2LITE_CLOCK/syncstages_ff_reg[0][30] is not placed in the same (SLICE) site.
Related violations: <none>

PDRC-190#71 Warning
Suboptimally placed synchronized register chain  
The FDRE cell system_i/axi_ethernet_1_dma/U0/I_AXI_DMA_REG_MODULE/GEN_AXI_LITE_IF.AXI_LITE_IF_I/GEN_ASYNC_READ.lite_rdata_cdc_from_reg[31] in site SLICE_X45Y107 is part of a synchronized register chain that is suboptimally placed as the load FDRE cell system_i/axi_ethernet_1_dma/U0/I_AXI_DMA_REG_MODULE/GEN_AXI_LITE_IF.AXI_LITE_IF_I/GEN_ASYNC_READ.REG_DATA2LITE_CLOCK/syncstages_ff_reg[0][31] is not placed in the same (SLICE) site.
Related violations: <none>

PDRC-190#72 Warning
Suboptimally placed synchronized register chain  
The FDRE cell system_i/axi_ethernet_1_dma/U0/I_AXI_DMA_REG_MODULE/GEN_AXI_LITE_IF.AXI_LITE_IF_I/GEN_ASYNC_READ.lite_rdata_cdc_from_reg[3] in site SLICE_X57Y104 is part of a synchronized register chain that is suboptimally placed as the load FDRE cell system_i/axi_ethernet_1_dma/U0/I_AXI_DMA_REG_MODULE/GEN_AXI_LITE_IF.AXI_LITE_IF_I/GEN_ASYNC_READ.REG_DATA2LITE_CLOCK/syncstages_ff_reg[0][3] is not placed in the same (SLICE) site.
Related violations: <none>

PDRC-190#73 Warning
Suboptimally placed synchronized register chain  
The FDRE cell system_i/axi_ethernet_1_dma/U0/I_AXI_DMA_REG_MODULE/GEN_AXI_LITE_IF.AXI_LITE_IF_I/GEN_ASYNC_READ.lite_rdata_cdc_from_reg[4] in site SLICE_X53Y101 is part of a synchronized register chain that is suboptimally placed as the load FDRE cell system_i/axi_ethernet_1_dma/U0/I_AXI_DMA_REG_MODULE/GEN_AXI_LITE_IF.AXI_LITE_IF_I/GEN_ASYNC_READ.REG_DATA2LITE_CLOCK/syncstages_ff_reg[0][4] is not placed in the same (SLICE) site.
Related violations: <none>

PDRC-190#74 Warning
Suboptimally placed synchronized register chain  
The FDRE cell system_i/axi_ethernet_1_dma/U0/I_AXI_DMA_REG_MODULE/GEN_AXI_LITE_IF.AXI_LITE_IF_I/GEN_ASYNC_READ.lite_rdata_cdc_from_reg[5] in site SLICE_X55Y103 is part of a synchronized register chain that is suboptimally placed as the load FDRE cell system_i/axi_ethernet_1_dma/U0/I_AXI_DMA_REG_MODULE/GEN_AXI_LITE_IF.AXI_LITE_IF_I/GEN_ASYNC_READ.REG_DATA2LITE_CLOCK/syncstages_ff_reg[0][5] is not placed in the same (SLICE) site.
Related violations: <none>

PDRC-190#75 Warning
Suboptimally placed synchronized register chain  
The FDRE cell system_i/axi_ethernet_1_dma/U0/I_AXI_DMA_REG_MODULE/GEN_AXI_LITE_IF.AXI_LITE_IF_I/GEN_ASYNC_READ.lite_rdata_cdc_from_reg[6] in site SLICE_X41Y108 is part of a synchronized register chain that is suboptimally placed as the load FDRE cell system_i/axi_ethernet_1_dma/U0/I_AXI_DMA_REG_MODULE/GEN_AXI_LITE_IF.AXI_LITE_IF_I/GEN_ASYNC_READ.REG_DATA2LITE_CLOCK/syncstages_ff_reg[0][6] is not placed in the same (SLICE) site.
Related violations: <none>

PDRC-190#76 Warning
Suboptimally placed synchronized register chain  
The FDRE cell system_i/axi_ethernet_1_dma/U0/I_AXI_DMA_REG_MODULE/GEN_AXI_LITE_IF.AXI_LITE_IF_I/GEN_ASYNC_READ.lite_rdata_cdc_from_reg[7] in site SLICE_X49Y100 is part of a synchronized register chain that is suboptimally placed as the load FDRE cell system_i/axi_ethernet_1_dma/U0/I_AXI_DMA_REG_MODULE/GEN_AXI_LITE_IF.AXI_LITE_IF_I/GEN_ASYNC_READ.REG_DATA2LITE_CLOCK/syncstages_ff_reg[0][7] is not placed in the same (SLICE) site.
Related violations: <none>

PDRC-190#77 Warning
Suboptimally placed synchronized register chain  
The FDRE cell system_i/axi_ethernet_1_dma/U0/I_AXI_DMA_REG_MODULE/GEN_AXI_LITE_IF.AXI_LITE_IF_I/GEN_ASYNC_READ.lite_rdata_cdc_from_reg[8] in site SLICE_X48Y101 is part of a synchronized register chain that is suboptimally placed as the load FDRE cell system_i/axi_ethernet_1_dma/U0/I_AXI_DMA_REG_MODULE/GEN_AXI_LITE_IF.AXI_LITE_IF_I/GEN_ASYNC_READ.REG_DATA2LITE_CLOCK/syncstages_ff_reg[0][8] is not placed in the same (SLICE) site.
Related violations: <none>

PDRC-190#78 Warning
Suboptimally placed synchronized register chain  
The FDRE cell system_i/axi_ethernet_1_dma/U0/I_AXI_DMA_REG_MODULE/GEN_AXI_LITE_IF.AXI_LITE_IF_I/GEN_ASYNC_READ.lite_rdata_cdc_from_reg[9] in site SLICE_X51Y100 is part of a synchronized register chain that is suboptimally placed as the load FDRE cell system_i/axi_ethernet_1_dma/U0/I_AXI_DMA_REG_MODULE/GEN_AXI_LITE_IF.AXI_LITE_IF_I/GEN_ASYNC_READ.REG_DATA2LITE_CLOCK/syncstages_ff_reg[0][9] is not placed in the same (SLICE) site.
Related violations: <none>

TIMING-9#1 Warning
Unknown CDC Logic  
One or more asynchronous Clock Domain Crossing has been detected between 2 clock domains through a set_false_path or a set_clock_groups or set_max_delay -datapath_only constraint but no double-registers logic synchronizer has been found on the side of the capture clock. It is recommended to run report_cdc for a complete and detailed CDC coverage. Please consider using XPM_CDC to avoid Critical severities
Related violations: <none>

TIMING-18#1 Warning
Missing input or output delay  
An input delay is missing on PHYA_mdio_mdio_io relative to the rising and/or falling clock edge(s) of clk_fpga_0.
Related violations: <none>

TIMING-18#2 Warning
Missing input or output delay  
An input delay is missing on PHYB_mdio_mdio_io relative to the rising and/or falling clock edge(s) of clk_fpga_0.
Related violations: <none>

TIMING-18#3 Warning
Missing input or output delay  
An input delay is missing on mipi_phy_if_0_clk_lp_n relative to the rising and/or falling clock edge(s) of clk_fpga_2.
Related violations: <none>

TIMING-18#4 Warning
Missing input or output delay  
An input delay is missing on mipi_phy_if_0_clk_lp_p relative to the rising and/or falling clock edge(s) of clk_fpga_2.
Related violations: <none>

TIMING-18#5 Warning
Missing input or output delay  
An input delay is missing on mipi_phy_if_0_data_hs_p[0] relative to the rising and/or falling clock edge(s) of mipi_phy_if_0_clk_hs_p.
Related violations: <none>

TIMING-18#6 Warning
Missing input or output delay  
An input delay is missing on mipi_phy_if_0_data_hs_p[1] relative to the rising and/or falling clock edge(s) of mipi_phy_if_0_clk_hs_p.
Related violations: <none>

TIMING-18#7 Warning
Missing input or output delay  
An input delay is missing on mipi_phy_if_0_data_hs_p[2] relative to the rising and/or falling clock edge(s) of mipi_phy_if_0_clk_hs_p.
Related violations: <none>

TIMING-18#8 Warning
Missing input or output delay  
An input delay is missing on mipi_phy_if_0_data_hs_p[3] relative to the rising and/or falling clock edge(s) of mipi_phy_if_0_clk_hs_p.
Related violations: <none>

TIMING-18#9 Warning
Missing input or output delay  
An input delay is missing on mipi_phy_if_0_data_lp_n[0] relative to the rising and/or falling clock edge(s) of clk_fpga_2.
Related violations: <none>

TIMING-18#10 Warning
Missing input or output delay  
An input delay is missing on mipi_phy_if_0_data_lp_n[1] relative to the rising and/or falling clock edge(s) of clk_fpga_2.
Related violations: <none>

TIMING-18#11 Warning
Missing input or output delay  
An input delay is missing on mipi_phy_if_0_data_lp_n[2] relative to the rising and/or falling clock edge(s) of clk_fpga_2.
Related violations: <none>

TIMING-18#12 Warning
Missing input or output delay  
An input delay is missing on mipi_phy_if_0_data_lp_n[3] relative to the rising and/or falling clock edge(s) of clk_fpga_2.
Related violations: <none>

TIMING-18#13 Warning
Missing input or output delay  
An input delay is missing on mipi_phy_if_0_data_lp_p[0] relative to the rising and/or falling clock edge(s) of clk_fpga_2.
Related violations: <none>

TIMING-18#14 Warning
Missing input or output delay  
An input delay is missing on mipi_phy_if_0_data_lp_p[1] relative to the rising and/or falling clock edge(s) of clk_fpga_2.
Related violations: <none>

TIMING-18#15 Warning
Missing input or output delay  
An input delay is missing on mipi_phy_if_0_data_lp_p[2] relative to the rising and/or falling clock edge(s) of clk_fpga_2.
Related violations: <none>

TIMING-18#16 Warning
Missing input or output delay  
An input delay is missing on mipi_phy_if_0_data_lp_p[3] relative to the rising and/or falling clock edge(s) of clk_fpga_2.
Related violations: <none>

TIMING-18#17 Warning
Missing input or output delay  
An output delay is missing on PHYA_mdio_mdc relative to the rising and/or falling clock edge(s) of clk_fpga_0.
Related violations: <none>

TIMING-18#18 Warning
Missing input or output delay  
An output delay is missing on PHYA_mdio_mdio_io relative to the rising and/or falling clock edge(s) of clk_fpga_0.
Related violations: <none>

TIMING-18#19 Warning
Missing input or output delay  
An output delay is missing on PHYB_mdio_mdc relative to the rising and/or falling clock edge(s) of clk_fpga_0.
Related violations: <none>

TIMING-18#20 Warning
Missing input or output delay  
An output delay is missing on PHYB_mdio_mdio_io relative to the rising and/or falling clock edge(s) of clk_fpga_0.
Related violations: <none>

TIMING-20#1 Warning
Non-clocked latch  
The latch system_i/uifdma_dbuf_0/inst/uidbufirq_inst/reg_data_out_reg[0] cannot be properly analyzed as its control pin system_i/uifdma_dbuf_0/inst/uidbufirq_inst/reg_data_out_reg[0]/G is not reached by a timing clock
Related violations: <none>

TIMING-20#2 Warning
Non-clocked latch  
The latch system_i/uifdma_dbuf_0/inst/uidbufirq_inst/reg_data_out_reg[1] cannot be properly analyzed as its control pin system_i/uifdma_dbuf_0/inst/uidbufirq_inst/reg_data_out_reg[1]/G is not reached by a timing clock
Related violations: <none>

TIMING-20#3 Warning
Non-clocked latch  
The latch system_i/uifdma_dbuf_0/inst/uidbufirq_inst/reg_data_out_reg[2] cannot be properly analyzed as its control pin system_i/uifdma_dbuf_0/inst/uidbufirq_inst/reg_data_out_reg[2]/G is not reached by a timing clock
Related violations: <none>

TIMING-20#4 Warning
Non-clocked latch  
The latch system_i/uifdma_dbuf_0/inst/uidbufirq_inst/reg_data_out_reg[3] cannot be properly analyzed as its control pin system_i/uifdma_dbuf_0/inst/uidbufirq_inst/reg_data_out_reg[3]/G is not reached by a timing clock
Related violations: <none>

TIMING-20#5 Warning
Non-clocked latch  
The latch system_i/uifdma_dbuf_0/inst/uidbufirq_inst/reg_data_out_reg[4] cannot be properly analyzed as its control pin system_i/uifdma_dbuf_0/inst/uidbufirq_inst/reg_data_out_reg[4]/G is not reached by a timing clock
Related violations: <none>

TIMING-20#6 Warning
Non-clocked latch  
The latch system_i/uifdma_dbuf_0/inst/uidbufirq_inst/reg_data_out_reg[5] cannot be properly analyzed as its control pin system_i/uifdma_dbuf_0/inst/uidbufirq_inst/reg_data_out_reg[5]/G is not reached by a timing clock
Related violations: <none>

TIMING-20#7 Warning
Non-clocked latch  
The latch system_i/uifdma_dbuf_0/inst/uidbufirq_inst/reg_data_out_reg[6] cannot be properly analyzed as its control pin system_i/uifdma_dbuf_0/inst/uidbufirq_inst/reg_data_out_reg[6]/G is not reached by a timing clock
Related violations: <none>

TIMING-20#8 Warning
Non-clocked latch  
The latch system_i/uifdma_dbuf_0/inst/uidbufirq_inst/reg_data_out_reg[7] cannot be properly analyzed as its control pin system_i/uifdma_dbuf_0/inst/uidbufirq_inst/reg_data_out_reg[7]/G is not reached by a timing clock
Related violations: <none>

TIMING-47#1 Warning
False path, asynchronous clock group or max delay datapath only constraint between synchronous clocks  
A False Path timing constraint is set between synchronous clocks clkout0 and system_i/axi_ethernet_0/inst/mac/inst_rgmii_tx_clk (see constraint position 96 in the Timing Constraint window in Vivado IDE). Masking entire synchronous clock domains via  set_false_path, set_clock_groups or set_max_delay -datapath_only may result in failure in hardware.
Related violations: <none>

TIMING-47#2 Warning
False path, asynchronous clock group or max delay datapath only constraint between synchronous clocks  
A False Path timing constraint is set between synchronous clocks clkout0 and system_i/axi_ethernet_0/inst/mac/inst_rgmii_tx_clk (see constraint position 97 in the Timing Constraint window in Vivado IDE). Masking entire synchronous clock domains via  set_false_path, set_clock_groups or set_max_delay -datapath_only may result in failure in hardware.
Related violations: <none>

TIMING-47#3 Warning
False path, asynchronous clock group or max delay datapath only constraint between synchronous clocks  
A False Path timing constraint is set between synchronous clocks clkout0 and system_i/axi_ethernet_0/inst/mac/inst_rgmii_tx_clk (see constraint position 98 in the Timing Constraint window in Vivado IDE). Masking entire synchronous clock domains via  set_false_path, set_clock_groups or set_max_delay -datapath_only may result in failure in hardware.
Related violations: <none>

TIMING-47#4 Warning
False path, asynchronous clock group or max delay datapath only constraint between synchronous clocks  
A False Path timing constraint is set between synchronous clocks clkout0 and system_i/axi_ethernet_0/inst/mac/inst_rgmii_tx_clk (see constraint position 99 in the Timing Constraint window in Vivado IDE). Masking entire synchronous clock domains via  set_false_path, set_clock_groups or set_max_delay -datapath_only may result in failure in hardware.
Related violations: <none>

TIMING-47#5 Warning
False path, asynchronous clock group or max delay datapath only constraint between synchronous clocks  
A False Path timing constraint is set between synchronous clocks clkout0 and system_i/axi_ethernet_1/inst/mac/inst_rgmii_tx_clk (see constraint position 140 in the Timing Constraint window in Vivado IDE). Masking entire synchronous clock domains via  set_false_path, set_clock_groups or set_max_delay -datapath_only may result in failure in hardware.
Related violations: <none>

TIMING-47#6 Warning
False path, asynchronous clock group or max delay datapath only constraint between synchronous clocks  
A False Path timing constraint is set between synchronous clocks clkout0 and system_i/axi_ethernet_1/inst/mac/inst_rgmii_tx_clk (see constraint position 141 in the Timing Constraint window in Vivado IDE). Masking entire synchronous clock domains via  set_false_path, set_clock_groups or set_max_delay -datapath_only may result in failure in hardware.
Related violations: <none>

TIMING-47#7 Warning
False path, asynchronous clock group or max delay datapath only constraint between synchronous clocks  
A False Path timing constraint is set between synchronous clocks clkout0 and system_i/axi_ethernet_1/inst/mac/inst_rgmii_tx_clk (see constraint position 142 in the Timing Constraint window in Vivado IDE). Masking entire synchronous clock domains via  set_false_path, set_clock_groups or set_max_delay -datapath_only may result in failure in hardware.
Related violations: <none>

TIMING-47#8 Warning
False path, asynchronous clock group or max delay datapath only constraint between synchronous clocks  
A False Path timing constraint is set between synchronous clocks clkout0 and system_i/axi_ethernet_1/inst/mac/inst_rgmii_tx_clk (see constraint position 143 in the Timing Constraint window in Vivado IDE). Masking entire synchronous clock domains via  set_false_path, set_clock_groups or set_max_delay -datapath_only may result in failure in hardware.
Related violations: <none>

TIMING-47#9 Warning
False path, asynchronous clock group or max delay datapath only constraint between synchronous clocks  
A False Path timing constraint is set between synchronous clocks system_i/axi_ethernet_0/inst/mac/inst_rgmii_rx_clk and PHYA_rgmii_rxc (see constraint position 89 in the Timing Constraint window in Vivado IDE). Masking entire synchronous clock domains via  set_false_path, set_clock_groups or set_max_delay -datapath_only may result in failure in hardware.
Related violations: <none>

TIMING-47#10 Warning
False path, asynchronous clock group or max delay datapath only constraint between synchronous clocks  
A False Path timing constraint is set between synchronous clocks system_i/axi_ethernet_0/inst/mac/inst_rgmii_rx_clk and PHYA_rgmii_rxc (see constraint position 90 in the Timing Constraint window in Vivado IDE). Masking entire synchronous clock domains via  set_false_path, set_clock_groups or set_max_delay -datapath_only may result in failure in hardware.
Related violations: <none>

TIMING-47#11 Warning
False path, asynchronous clock group or max delay datapath only constraint between synchronous clocks  
A False Path timing constraint is set between synchronous clocks system_i/axi_ethernet_0/inst/mac/inst_rgmii_rx_clk and PHYA_rgmii_rxc (see constraint position 91 in the Timing Constraint window in Vivado IDE). Masking entire synchronous clock domains via  set_false_path, set_clock_groups or set_max_delay -datapath_only may result in failure in hardware.
Related violations: <none>

TIMING-47#12 Warning
False path, asynchronous clock group or max delay datapath only constraint between synchronous clocks  
A False Path timing constraint is set between synchronous clocks system_i/axi_ethernet_0/inst/mac/inst_rgmii_rx_clk and PHYA_rgmii_rxc (see constraint position 92 in the Timing Constraint window in Vivado IDE). Masking entire synchronous clock domains via  set_false_path, set_clock_groups or set_max_delay -datapath_only may result in failure in hardware.
Related violations: <none>

TIMING-47#13 Warning
False path, asynchronous clock group or max delay datapath only constraint between synchronous clocks  
A False Path timing constraint is set between synchronous clocks system_i/axi_ethernet_1/inst/mac/inst_rgmii_rx_clk and PHYB_rgmii_rxc (see constraint position 133 in the Timing Constraint window in Vivado IDE). Masking entire synchronous clock domains via  set_false_path, set_clock_groups or set_max_delay -datapath_only may result in failure in hardware.
Related violations: <none>

TIMING-47#14 Warning
False path, asynchronous clock group or max delay datapath only constraint between synchronous clocks  
A False Path timing constraint is set between synchronous clocks system_i/axi_ethernet_1/inst/mac/inst_rgmii_rx_clk and PHYB_rgmii_rxc (see constraint position 134 in the Timing Constraint window in Vivado IDE). Masking entire synchronous clock domains via  set_false_path, set_clock_groups or set_max_delay -datapath_only may result in failure in hardware.
Related violations: <none>

TIMING-47#15 Warning
False path, asynchronous clock group or max delay datapath only constraint between synchronous clocks  
A False Path timing constraint is set between synchronous clocks system_i/axi_ethernet_1/inst/mac/inst_rgmii_rx_clk and PHYB_rgmii_rxc (see constraint position 135 in the Timing Constraint window in Vivado IDE). Masking entire synchronous clock domains via  set_false_path, set_clock_groups or set_max_delay -datapath_only may result in failure in hardware.
Related violations: <none>

TIMING-47#16 Warning
False path, asynchronous clock group or max delay datapath only constraint between synchronous clocks  
A False Path timing constraint is set between synchronous clocks system_i/axi_ethernet_1/inst/mac/inst_rgmii_rx_clk and PHYB_rgmii_rxc (see constraint position 136 in the Timing Constraint window in Vivado IDE). Masking entire synchronous clock domains via  set_false_path, set_clock_groups or set_max_delay -datapath_only may result in failure in hardware.
Related violations: <none>

ULMTCS-1#1 Warning
Control Sets use limits recommend reduction  
This design uses 1901 control sets (vs. available limit of 13300, determined by 1 control set per CLB). This exceeds the control set use guideline of 7.5 percent. This is at a level where reduction is RECOMMENDED (see UG949). Use report_control_sets to get more details.
Related violations: <none>

LATCH-1#1 Advisory
Existing latches in the design  
There are 9 latches found in the design. Inferred latches are often the result of HDL coding mistakes, such as incomplete if or case statements.
Related violations: <none>

RTGT-1#1 Advisory
RAM retargeting possibility  
Identified 6 RAM64X1D primitives that could be retargeted to RAM64M. Retargeting will save approximately 4 memory LUTs and improve routability. These can usually be achieved using synthesis inference or XPMs. The memories are system_i/axi_ethernet_0/inst/mac/inst/tri_mode_ethernet_mac_i/bd_4bad_mac_0_core/addr_filter_top/address_filter_inst/addr_regs.unicast_address_compare/byte_wide_ram[1].header_compare_dist_ram,
system_i/axi_ethernet_0/inst/mac/inst/tri_mode_ethernet_mac_i/bd_4bad_mac_0_core/addr_filter_top/address_filter_inst/addr_regs.unicast_address_compare/byte_wide_ram[2].header_compare_dist_ram,
system_i/axi_ethernet_0/inst/mac/inst/tri_mode_ethernet_mac_i/bd_4bad_mac_0_core/addr_filter_top/address_filter_inst/addr_regs.unicast_address_compare/byte_wide_ram[3].header_compare_dist_ram,
system_i/axi_ethernet_0/inst/mac/inst/tri_mode_ethernet_mac_i/bd_4bad_mac_0_core/addr_filter_top/address_filter_inst/addr_regs.unicast_address_compare/byte_wide_ram[4].header_compare_dist_ram,
system_i/axi_ethernet_0/inst/mac/inst/tri_mode_ethernet_mac_i/bd_4bad_mac_0_core/addr_filter_top/address_filter_inst/addr_regs.unicast_address_compare/byte_wide_ram[5].header_compare_dist_ram
system_i/axi_ethernet_0/inst/mac/inst/tri_mode_ethernet_mac_i/bd_4bad_mac_0_core/addr_filter_top/address_filter_inst/addr_regs.unicast_address_compare/byte_wide_ram[6].header_compare_dist_ram
Related violations: <none>

RTGT-1#2 Advisory
RAM retargeting possibility  
Identified 6 RAM64X1D primitives that could be retargeted to RAM64M. Retargeting will save approximately 4 memory LUTs and improve routability. These can usually be achieved using synthesis inference or XPMs. The memories are system_i/axi_ethernet_0/inst/mac/inst/tri_mode_ethernet_mac_i/bd_4bad_mac_0_core/addr_filter_top/address_filter_inst/byte_wide_ram[0].header_field_dist_ram,
system_i/axi_ethernet_0/inst/mac/inst/tri_mode_ethernet_mac_i/bd_4bad_mac_0_core/addr_filter_top/address_filter_inst/byte_wide_ram[1].header_field_dist_ram,
system_i/axi_ethernet_0/inst/mac/inst/tri_mode_ethernet_mac_i/bd_4bad_mac_0_core/addr_filter_top/address_filter_inst/byte_wide_ram[2].header_field_dist_ram,
system_i/axi_ethernet_0/inst/mac/inst/tri_mode_ethernet_mac_i/bd_4bad_mac_0_core/addr_filter_top/address_filter_inst/byte_wide_ram[3].header_field_dist_ram,
system_i/axi_ethernet_0/inst/mac/inst/tri_mode_ethernet_mac_i/bd_4bad_mac_0_core/addr_filter_top/address_filter_inst/byte_wide_ram[4].header_field_dist_ram
system_i/axi_ethernet_0/inst/mac/inst/tri_mode_ethernet_mac_i/bd_4bad_mac_0_core/addr_filter_top/address_filter_inst/byte_wide_ram[5].header_field_dist_ram
Related violations: <none>

RTGT-1#3 Advisory
RAM retargeting possibility  
Identified 6 RAM64X1D primitives that could be retargeted to RAM64M. Retargeting will save approximately 4 memory LUTs and improve routability. These can usually be achieved using synthesis inference or XPMs. The memories are system_i/axi_ethernet_0/inst/mac/inst/tri_mode_ethernet_mac_i/bd_4bad_mac_0_core/stats_block.statistics_counters/gen_distributed_parity[0].RAM64X1D_inst,
system_i/axi_ethernet_0/inst/mac/inst/tri_mode_ethernet_mac_i/bd_4bad_mac_0_core/stats_block.statistics_counters/gen_distributed_parity[1].RAM64X1D_inst,
system_i/axi_ethernet_0/inst/mac/inst/tri_mode_ethernet_mac_i/bd_4bad_mac_0_core/stats_block.statistics_counters/gen_distributed_parity[2].RAM64X1D_inst,
system_i/axi_ethernet_0/inst/mac/inst/tri_mode_ethernet_mac_i/bd_4bad_mac_0_core/stats_block.statistics_counters/gen_distributed_parity[3].RAM64X1D_inst,
system_i/axi_ethernet_0/inst/mac/inst/tri_mode_ethernet_mac_i/bd_4bad_mac_0_core/stats_block.statistics_counters/gen_distributed_parity[4].RAM64X1D_inst
system_i/axi_ethernet_0/inst/mac/inst/tri_mode_ethernet_mac_i/bd_4bad_mac_0_core/stats_block.statistics_counters/gen_distributed_parity[5].RAM64X1D_inst
Related violations: <none>

RTGT-1#4 Advisory
RAM retargeting possibility  
Identified 6 RAM64X1D primitives that could be retargeted to RAM64M. Retargeting will save approximately 4 memory LUTs and improve routability. These can usually be achieved using synthesis inference or XPMs. The memories are system_i/axi_ethernet_1/inst/mac/inst/bd_8bfc_mac_0_core/addr_filter_top/address_filter_inst/addr_regs.unicast_address_compare/byte_wide_ram[1].header_compare_dist_ram,
system_i/axi_ethernet_1/inst/mac/inst/bd_8bfc_mac_0_core/addr_filter_top/address_filter_inst/addr_regs.unicast_address_compare/byte_wide_ram[2].header_compare_dist_ram,
system_i/axi_ethernet_1/inst/mac/inst/bd_8bfc_mac_0_core/addr_filter_top/address_filter_inst/addr_regs.unicast_address_compare/byte_wide_ram[3].header_compare_dist_ram,
system_i/axi_ethernet_1/inst/mac/inst/bd_8bfc_mac_0_core/addr_filter_top/address_filter_inst/addr_regs.unicast_address_compare/byte_wide_ram[4].header_compare_dist_ram,
system_i/axi_ethernet_1/inst/mac/inst/bd_8bfc_mac_0_core/addr_filter_top/address_filter_inst/addr_regs.unicast_address_compare/byte_wide_ram[5].header_compare_dist_ram
system_i/axi_ethernet_1/inst/mac/inst/bd_8bfc_mac_0_core/addr_filter_top/address_filter_inst/addr_regs.unicast_address_compare/byte_wide_ram[6].header_compare_dist_ram
Related violations: <none>

RTGT-1#5 Advisory
RAM retargeting possibility  
Identified 6 RAM64X1D primitives that could be retargeted to RAM64M. Retargeting will save approximately 4 memory LUTs and improve routability. These can usually be achieved using synthesis inference or XPMs. The memories are system_i/axi_ethernet_1/inst/mac/inst/bd_8bfc_mac_0_core/addr_filter_top/address_filter_inst/byte_wide_ram[0].header_field_dist_ram,
system_i/axi_ethernet_1/inst/mac/inst/bd_8bfc_mac_0_core/addr_filter_top/address_filter_inst/byte_wide_ram[1].header_field_dist_ram,
system_i/axi_ethernet_1/inst/mac/inst/bd_8bfc_mac_0_core/addr_filter_top/address_filter_inst/byte_wide_ram[2].header_field_dist_ram,
system_i/axi_ethernet_1/inst/mac/inst/bd_8bfc_mac_0_core/addr_filter_top/address_filter_inst/byte_wide_ram[3].header_field_dist_ram,
system_i/axi_ethernet_1/inst/mac/inst/bd_8bfc_mac_0_core/addr_filter_top/address_filter_inst/byte_wide_ram[4].header_field_dist_ram
system_i/axi_ethernet_1/inst/mac/inst/bd_8bfc_mac_0_core/addr_filter_top/address_filter_inst/byte_wide_ram[5].header_field_dist_ram
Related violations: <none>

RTGT-1#6 Advisory
RAM retargeting possibility  
Identified 6 RAM64X1D primitives that could be retargeted to RAM64M. Retargeting will save approximately 4 memory LUTs and improve routability. These can usually be achieved using synthesis inference or XPMs. The memories are system_i/axi_ethernet_1/inst/mac/inst/bd_8bfc_mac_0_core/stats_block.statistics_counters/gen_distributed_parity[0].RAM64X1D_inst,
system_i/axi_ethernet_1/inst/mac/inst/bd_8bfc_mac_0_core/stats_block.statistics_counters/gen_distributed_parity[1].RAM64X1D_inst,
system_i/axi_ethernet_1/inst/mac/inst/bd_8bfc_mac_0_core/stats_block.statistics_counters/gen_distributed_parity[2].RAM64X1D_inst,
system_i/axi_ethernet_1/inst/mac/inst/bd_8bfc_mac_0_core/stats_block.statistics_counters/gen_distributed_parity[3].RAM64X1D_inst,
system_i/axi_ethernet_1/inst/mac/inst/bd_8bfc_mac_0_core/stats_block.statistics_counters/gen_distributed_parity[4].RAM64X1D_inst
system_i/axi_ethernet_1/inst/mac/inst/bd_8bfc_mac_0_core/stats_block.statistics_counters/gen_distributed_parity[5].RAM64X1D_inst
Related violations: <none>


